label,image
ALB,img_1.jpg
ALB,img_10.jpg
ALB,img_100.jpg
ALB,img_1000.jpg
ALB,img_1001.jpg
ALB,img_1002.jpg
ALB,img_1003.jpg
ALB,img_1004.jpg
ALB,img_1005.jpg
ALB,img_1006.jpg
ALB,img_1007.jpg
ALB,img_1008.jpg
ALB,img_1009.jpg
ALB,img_101.jpg
ALB,img_1010.jpg
ALB,img_1011.jpg
ALB,img_1012.jpg
ALB,img_1013.jpg
ALB,img_1014.jpg
ALB,img_1015.jpg
ALB,img_1016.jpg
ALB,img_1017.jpg
ALB,img_1018.jpg
ALB,img_1019.jpg
ALB,img_102.jpg
ALB,img_1020.jpg
ALB,img_1021.jpg
ALB,img_1022.jpg
ALB,img_1023.jpg
ALB,img_1024.jpg
ALB,img_1025.jpg
ALB,img_1026.jpg
ALB,img_1027.jpg
ALB,img_1028.jpg
ALB,img_1029.jpg
ALB,img_103.jpg
ALB,img_1030.jpg
ALB,img_1031.jpg
ALB,img_1032.jpg
ALB,img_1033.jpg
ALB,img_1034.jpg
ALB,img_1035.jpg
ALB,img_1036.jpg
ALB,img_1037.jpg
ALB,img_1038.jpg
ALB,img_1039.jpg
ALB,img_104.jpg
ALB,img_1040.jpg
ALB,img_1041.jpg
ALB,img_1042.jpg
ALB,img_1043.jpg
ALB,img_1044.jpg
ALB,img_1045.jpg
ALB,img_1046.jpg
ALB,img_1047.jpg
ALB,img_1048.jpg
ALB,img_1049.jpg
ALB,img_105.jpg
ALB,img_1050.jpg
ALB,img_1051.jpg
ALB,img_1052.jpg
ALB,img_1053.jpg
ALB,img_1054.jpg
ALB,img_1055.jpg
ALB,img_1056.jpg
ALB,img_1057.jpg
ALB,img_1058.jpg
ALB,img_1059.jpg
ALB,img_106.jpg
ALB,img_1060.jpg
ALB,img_1061.jpg
ALB,img_1062.jpg
ALB,img_1063.jpg
ALB,img_1064.jpg
ALB,img_1065.jpg
ALB,img_1066.jpg
ALB,img_1067.jpg
ALB,img_1068.jpg
ALB,img_1069.jpg
ALB,img_107.jpg
ALB,img_1070.jpg
ALB,img_1071.jpg
ALB,img_1072.jpg
ALB,img_1073.jpg
ALB,img_1074.jpg
ALB,img_1075.jpg
ALB,img_1076.jpg
ALB,img_1077.jpg
ALB,img_1078.jpg
ALB,img_1079.jpg
ALB,img_108.jpg
ALB,img_1080.jpg
ALB,img_1081.jpg
ALB,img_1082.jpg
ALB,img_1083.jpg
ALB,img_1084.jpg
ALB,img_1085.jpg
ALB,img_1086.jpg
ALB,img_1087.jpg
ALB,img_1088.jpg
ALB,img_1089.jpg
ALB,img_109.jpg
ALB,img_1090.jpg
ALB,img_1091.jpg
ALB,img_1092.jpg
ALB,img_1093.jpg
ALB,img_1094.jpg
ALB,img_1095.jpg
ALB,img_1096.jpg
ALB,img_1097.jpg
ALB,img_1098.jpg
ALB,img_1099.jpg
ALB,img_11.jpg
ALB,img_110.jpg
ALB,img_1100.jpg
ALB,img_1101.jpg
ALB,img_1102.jpg
ALB,img_1103.jpg
ALB,img_1104.jpg
ALB,img_1105.jpg
ALB,img_1106.jpg
ALB,img_1107.jpg
ALB,img_1108.jpg
ALB,img_1109.jpg
ALB,img_111.jpg
ALB,img_1110.jpg
ALB,img_1111.jpg
ALB,img_1112.jpg
ALB,img_1113.jpg
ALB,img_1114.jpg
ALB,img_1115.jpg
ALB,img_1116.jpg
ALB,img_1117.jpg
ALB,img_1118.jpg
ALB,img_1119.jpg
ALB,img_112.jpg
ALB,img_1120.jpg
ALB,img_1121.jpg
ALB,img_1122.jpg
ALB,img_1123.jpg
ALB,img_1124.jpg
ALB,img_1125.jpg
ALB,img_1126.jpg
ALB,img_1127.jpg
ALB,img_1128.jpg
ALB,img_1129.jpg
ALB,img_113.jpg
ALB,img_1130.jpg
ALB,img_1131.jpg
ALB,img_1132.jpg
ALB,img_1133.jpg
ALB,img_1134.jpg
ALB,img_1135.jpg
ALB,img_1136.jpg
ALB,img_1137.jpg
ALB,img_1138.jpg
ALB,img_1139.jpg
ALB,img_114.jpg
ALB,img_1140.jpg
ALB,img_1141.jpg
ALB,img_1142.jpg
ALB,img_1143.jpg
ALB,img_1144.jpg
ALB,img_1145.jpg
ALB,img_1146.jpg
ALB,img_1147.jpg
ALB,img_1148.jpg
ALB,img_1149.jpg
ALB,img_115.jpg
ALB,img_1150.jpg
ALB,img_1151.jpg
ALB,img_1152.jpg
ALB,img_1153.jpg
ALB,img_1154.jpg
ALB,img_1155.jpg
ALB,img_1156.jpg
ALB,img_1157.jpg
ALB,img_1158.jpg
ALB,img_1159.jpg
ALB,img_116.jpg
ALB,img_1160.jpg
ALB,img_1161.jpg
ALB,img_1162.jpg
ALB,img_1163.jpg
ALB,img_1164.jpg
ALB,img_1165.jpg
ALB,img_1166.jpg
ALB,img_1167.jpg
ALB,img_1168.jpg
ALB,img_1169.jpg
ALB,img_117.jpg
ALB,img_1170.jpg
ALB,img_1171.jpg
ALB,img_1172.jpg
ALB,img_1173.jpg
ALB,img_1174.jpg
ALB,img_1175.jpg
ALB,img_1176.jpg
ALB,img_1177.jpg
ALB,img_1178.jpg
ALB,img_1179.jpg
ALB,img_118.jpg
ALB,img_1180.jpg
ALB,img_1181.jpg
ALB,img_1182.jpg
ALB,img_1183.jpg
ALB,img_1184.jpg
ALB,img_1185.jpg
ALB,img_1186.jpg
ALB,img_1187.jpg
ALB,img_1188.jpg
ALB,img_1189.jpg
ALB,img_119.jpg
ALB,img_1190.jpg
ALB,img_1191.jpg
ALB,img_1192.jpg
ALB,img_1193.jpg
ALB,img_1194.jpg
ALB,img_1195.jpg
ALB,img_1196.jpg
ALB,img_1197.jpg
ALB,img_1198.jpg
ALB,img_1199.jpg
ALB,img_12.jpg
ALB,img_120.jpg
ALB,img_1200.jpg
ALB,img_1201.jpg
ALB,img_1202.jpg
ALB,img_1203.jpg
ALB,img_1204.jpg
ALB,img_1205.jpg
ALB,img_1206.jpg
ALB,img_1207.jpg
ALB,img_1208.jpg
ALB,img_1209.jpg
ALB,img_121.jpg
ALB,img_1210.jpg
ALB,img_1211.jpg
ALB,img_1212.jpg
ALB,img_1213.jpg
ALB,img_1214.jpg
ALB,img_1215.jpg
ALB,img_1216.jpg
ALB,img_1217.jpg
ALB,img_1218.jpg
ALB,img_1219.jpg
ALB,img_122.jpg
ALB,img_1220.jpg
ALB,img_1221.jpg
ALB,img_1222.jpg
ALB,img_1223.jpg
ALB,img_1224.jpg
ALB,img_1225.jpg
ALB,img_1226.jpg
ALB,img_1227.jpg
ALB,img_1228.jpg
ALB,img_1229.jpg
ALB,img_123.jpg
ALB,img_1230.jpg
ALB,img_1231.jpg
ALB,img_1232.jpg
ALB,img_1233.jpg
ALB,img_1234.jpg
ALB,img_1235.jpg
ALB,img_1236.jpg
ALB,img_1237.jpg
ALB,img_1238.jpg
ALB,img_1239.jpg
ALB,img_124.jpg
ALB,img_1240.jpg
ALB,img_1241.jpg
ALB,img_1242.jpg
ALB,img_1243.jpg
ALB,img_1244.jpg
ALB,img_1245.jpg
ALB,img_1246.jpg
ALB,img_1247.jpg
ALB,img_1248.jpg
ALB,img_1249.jpg
ALB,img_125.jpg
ALB,img_1250.jpg
ALB,img_1251.jpg
ALB,img_1252.jpg
ALB,img_1253.jpg
ALB,img_1254.jpg
ALB,img_1255.jpg
ALB,img_1256.jpg
ALB,img_1257.jpg
ALB,img_1258.jpg
ALB,img_1259.jpg
ALB,img_126.jpg
ALB,img_1260.jpg
ALB,img_1261.jpg
ALB,img_1262.jpg
ALB,img_1263.jpg
ALB,img_1264.jpg
ALB,img_1265.jpg
ALB,img_1266.jpg
ALB,img_1267.jpg
ALB,img_1268.jpg
ALB,img_1269.jpg
ALB,img_127.jpg
ALB,img_1270.jpg
ALB,img_1271.jpg
ALB,img_1272.jpg
ALB,img_1273.jpg
ALB,img_1274.jpg
ALB,img_1275.jpg
ALB,img_1276.jpg
ALB,img_1277.jpg
ALB,img_1278.jpg
ALB,img_1279.jpg
ALB,img_128.jpg
ALB,img_1280.jpg
ALB,img_1281.jpg
ALB,img_1282.jpg
ALB,img_1283.jpg
ALB,img_1284.jpg
ALB,img_1285.jpg
ALB,img_1286.jpg
ALB,img_1287.jpg
ALB,img_1288.jpg
ALB,img_1289.jpg
ALB,img_129.jpg
ALB,img_1290.jpg
ALB,img_1291.jpg
ALB,img_1292.jpg
ALB,img_1293.jpg
ALB,img_1294.jpg
ALB,img_1295.jpg
ALB,img_1296.jpg
ALB,img_1297.jpg
ALB,img_1298.jpg
ALB,img_1299.jpg
ALB,img_13.jpg
ALB,img_130.jpg
ALB,img_1300.jpg
ALB,img_1301.jpg
ALB,img_1302.jpg
ALB,img_1303.jpg
ALB,img_1304.jpg
ALB,img_1305.jpg
ALB,img_1306.jpg
ALB,img_1307.jpg
ALB,img_1308.jpg
ALB,img_1309.jpg
ALB,img_131.jpg
ALB,img_1310.jpg
ALB,img_1311.jpg
ALB,img_1312.jpg
ALB,img_1313.jpg
ALB,img_1314.jpg
ALB,img_1315.jpg
ALB,img_1316.jpg
ALB,img_1317.jpg
ALB,img_1318.jpg
ALB,img_1319.jpg
ALB,img_132.jpg
ALB,img_1320.jpg
ALB,img_1321.jpg
ALB,img_1322.jpg
ALB,img_1323.jpg
ALB,img_1324.jpg
ALB,img_1325.jpg
ALB,img_1326.jpg
ALB,img_1327.jpg
ALB,img_1328.jpg
ALB,img_1329.jpg
ALB,img_133.jpg
ALB,img_1330.jpg
ALB,img_1331.jpg
ALB,img_1332.jpg
ALB,img_1333.jpg
ALB,img_1334.jpg
ALB,img_1335.jpg
ALB,img_1336.jpg
ALB,img_1337.jpg
ALB,img_1338.jpg
ALB,img_1339.jpg
ALB,img_134.jpg
ALB,img_1340.jpg
ALB,img_1341.jpg
ALB,img_1342.jpg
ALB,img_1343.jpg
ALB,img_1344.jpg
ALB,img_1345.jpg
ALB,img_1346.jpg
ALB,img_1347.jpg
ALB,img_1348.jpg
ALB,img_1349.jpg
ALB,img_135.jpg
ALB,img_1350.jpg
ALB,img_1351.jpg
ALB,img_1352.jpg
ALB,img_1353.jpg
ALB,img_1354.jpg
ALB,img_1355.jpg
ALB,img_1356.jpg
ALB,img_1357.jpg
ALB,img_1358.jpg
ALB,img_1359.jpg
ALB,img_136.jpg
ALB,img_1360.jpg
ALB,img_1361.jpg
ALB,img_1362.jpg
ALB,img_1363.jpg
ALB,img_1364.jpg
ALB,img_1365.jpg
ALB,img_1366.jpg
ALB,img_1367.jpg
ALB,img_1368.jpg
ALB,img_1369.jpg
ALB,img_137.jpg
ALB,img_1370.jpg
ALB,img_1371.jpg
ALB,img_1372.jpg
ALB,img_1373.jpg
ALB,img_1374.jpg
ALB,img_1375.jpg
ALB,img_1376.jpg
ALB,img_1377.jpg
ALB,img_1378.jpg
ALB,img_1379.jpg
ALB,img_138.jpg
ALB,img_1380.jpg
ALB,img_1381.jpg
ALB,img_1382.jpg
ALB,img_1383.jpg
ALB,img_1384.jpg
ALB,img_1385.jpg
ALB,img_1386.jpg
ALB,img_1387.jpg
ALB,img_1388.jpg
ALB,img_1389.jpg
ALB,img_139.jpg
ALB,img_1390.jpg
ALB,img_1391.jpg
ALB,img_1392.jpg
ALB,img_1393.jpg
ALB,img_1394.jpg
ALB,img_1395.jpg
ALB,img_1396.jpg
ALB,img_1397.jpg
ALB,img_1398.jpg
ALB,img_1399.jpg
ALB,img_14.jpg
ALB,img_140.jpg
ALB,img_1400.jpg
ALB,img_1401.jpg
ALB,img_1402.jpg
ALB,img_1403.jpg
ALB,img_1404.jpg
ALB,img_1405.jpg
ALB,img_1406.jpg
ALB,img_1407.jpg
ALB,img_1408.jpg
ALB,img_1409.jpg
ALB,img_141.jpg
ALB,img_1410.jpg
ALB,img_1411.jpg
ALB,img_1412.jpg
ALB,img_1413.jpg
ALB,img_1414.jpg
ALB,img_1415.jpg
ALB,img_1416.jpg
ALB,img_1417.jpg
ALB,img_1418.jpg
ALB,img_1419.jpg
ALB,img_142.jpg
ALB,img_1420.jpg
ALB,img_1421.jpg
ALB,img_1422.jpg
ALB,img_1423.jpg
ALB,img_1424.jpg
ALB,img_1425.jpg
ALB,img_1426.jpg
ALB,img_1427.jpg
ALB,img_1428.jpg
ALB,img_1429.jpg
ALB,img_143.jpg
ALB,img_1430.jpg
ALB,img_1431.jpg
ALB,img_1432.jpg
ALB,img_1433.jpg
ALB,img_1434.jpg
ALB,img_1435.jpg
ALB,img_1436.jpg
ALB,img_1437.jpg
ALB,img_1438.jpg
ALB,img_1439.jpg
ALB,img_144.jpg
ALB,img_1440.jpg
ALB,img_1441.jpg
ALB,img_1442.jpg
ALB,img_1443.jpg
ALB,img_1444.jpg
ALB,img_1445.jpg
ALB,img_1446.jpg
ALB,img_1447.jpg
ALB,img_1448.jpg
ALB,img_1449.jpg
ALB,img_145.jpg
ALB,img_1450.jpg
ALB,img_1451.jpg
ALB,img_1452.jpg
ALB,img_1453.jpg
ALB,img_1454.jpg
ALB,img_1455.jpg
ALB,img_1456.jpg
ALB,img_1457.jpg
ALB,img_1458.jpg
ALB,img_1459.jpg
ALB,img_146.jpg
ALB,img_1460.jpg
ALB,img_1461.jpg
ALB,img_1462.jpg
ALB,img_1463.jpg
ALB,img_1464.jpg
ALB,img_1465.jpg
ALB,img_1466.jpg
ALB,img_1467.jpg
ALB,img_1468.jpg
ALB,img_1469.jpg
ALB,img_147.jpg
ALB,img_1470.jpg
ALB,img_1471.jpg
ALB,img_1472.jpg
ALB,img_1473.jpg
ALB,img_1474.jpg
ALB,img_1475.jpg
ALB,img_1476.jpg
ALB,img_1477.jpg
ALB,img_1478.jpg
ALB,img_1479.jpg
ALB,img_148.jpg
ALB,img_1480.jpg
ALB,img_1481.jpg
ALB,img_1482.jpg
ALB,img_1483.jpg
ALB,img_1484.jpg
ALB,img_1485.jpg
ALB,img_1486.jpg
ALB,img_1487.jpg
ALB,img_1488.jpg
ALB,img_1489.jpg
ALB,img_149.jpg
ALB,img_1490.jpg
ALB,img_1491.jpg
ALB,img_1492.jpg
ALB,img_1493.jpg
ALB,img_1494.jpg
ALB,img_1495.jpg
ALB,img_1496.jpg
ALB,img_1497.jpg
ALB,img_1498.jpg
ALB,img_1499.jpg
ALB,img_15.jpg
ALB,img_150.jpg
ALB,img_1500.jpg
ALB,img_1501.jpg
ALB,img_1502.jpg
ALB,img_1503.jpg
ALB,img_1504.jpg
ALB,img_1505.jpg
ALB,img_1506.jpg
ALB,img_1507.jpg
ALB,img_1508.jpg
ALB,img_1509.jpg
ALB,img_151.jpg
ALB,img_1510.jpg
ALB,img_1511.jpg
ALB,img_1512.jpg
ALB,img_1513.jpg
ALB,img_1514.jpg
ALB,img_1515.jpg
ALB,img_1516.jpg
ALB,img_1517.jpg
ALB,img_1518.jpg
ALB,img_1519.jpg
ALB,img_152.jpg
ALB,img_1520.jpg
ALB,img_1521.jpg
ALB,img_1522.jpg
ALB,img_1523.jpg
ALB,img_1524.jpg
ALB,img_1525.jpg
ALB,img_1526.jpg
ALB,img_1527.jpg
ALB,img_1528.jpg
ALB,img_1529.jpg
ALB,img_153.jpg
ALB,img_1530.jpg
ALB,img_1531.jpg
ALB,img_1532.jpg
ALB,img_1533.jpg
ALB,img_1534.jpg
ALB,img_1535.jpg
ALB,img_1536.jpg
ALB,img_1537.jpg
ALB,img_1538.jpg
ALB,img_1539.jpg
ALB,img_154.jpg
ALB,img_1540.jpg
ALB,img_1541.jpg
ALB,img_1542.jpg
ALB,img_1543.jpg
ALB,img_1544.jpg
ALB,img_1545.jpg
ALB,img_1546.jpg
ALB,img_1547.jpg
ALB,img_1548.jpg
ALB,img_1549.jpg
ALB,img_155.jpg
ALB,img_1550.jpg
ALB,img_1551.jpg
ALB,img_1552.jpg
ALB,img_1553.jpg
ALB,img_1554.jpg
ALB,img_1555.jpg
ALB,img_1556.jpg
ALB,img_1557.jpg
ALB,img_1558.jpg
ALB,img_1559.jpg
ALB,img_156.jpg
ALB,img_1560.jpg
ALB,img_1561.jpg
ALB,img_1562.jpg
ALB,img_1563.jpg
ALB,img_1564.jpg
ALB,img_1565.jpg
ALB,img_1566.jpg
ALB,img_1567.jpg
ALB,img_1568.jpg
ALB,img_1569.jpg
ALB,img_157.jpg
ALB,img_1570.jpg
ALB,img_1571.jpg
ALB,img_1572.jpg
ALB,img_1573.jpg
ALB,img_1574.jpg
ALB,img_1575.jpg
ALB,img_1576.jpg
ALB,img_1577.jpg
ALB,img_1578.jpg
ALB,img_1579.jpg
ALB,img_158.jpg
ALB,img_1580.jpg
ALB,img_1581.jpg
ALB,img_1582.jpg
ALB,img_1583.jpg
ALB,img_1584.jpg
ALB,img_1585.jpg
ALB,img_1586.jpg
ALB,img_1587.jpg
ALB,img_1588.jpg
ALB,img_1589.jpg
ALB,img_159.jpg
ALB,img_1590.jpg
ALB,img_1591.jpg
ALB,img_1592.jpg
ALB,img_1593.jpg
ALB,img_1594.jpg
ALB,img_1595.jpg
ALB,img_1596.jpg
ALB,img_1597.jpg
ALB,img_1598.jpg
ALB,img_1599.jpg
ALB,img_16.jpg
ALB,img_160.jpg
ALB,img_1600.jpg
ALB,img_1601.jpg
ALB,img_1602.jpg
ALB,img_1603.jpg
ALB,img_1604.jpg
ALB,img_1605.jpg
ALB,img_1606.jpg
ALB,img_1607.jpg
ALB,img_1608.jpg
ALB,img_1609.jpg
ALB,img_161.jpg
ALB,img_1610.jpg
ALB,img_1611.jpg
ALB,img_1612.jpg
ALB,img_1613.jpg
ALB,img_1614.jpg
ALB,img_1615.jpg
ALB,img_1616.jpg
ALB,img_1617.jpg
ALB,img_1618.jpg
ALB,img_1619.jpg
ALB,img_162.jpg
ALB,img_1620.jpg
ALB,img_1621.jpg
ALB,img_1622.jpg
ALB,img_1623.jpg
ALB,img_1624.jpg
ALB,img_1625.jpg
ALB,img_1626.jpg
ALB,img_1627.jpg
ALB,img_1628.jpg
ALB,img_1629.jpg
ALB,img_163.jpg
ALB,img_1630.jpg
ALB,img_1631.jpg
ALB,img_1632.jpg
ALB,img_1633.jpg
ALB,img_1634.jpg
ALB,img_1635.jpg
ALB,img_1636.jpg
ALB,img_1637.jpg
ALB,img_1638.jpg
ALB,img_1639.jpg
ALB,img_164.jpg
ALB,img_1640.jpg
ALB,img_1641.jpg
ALB,img_1642.jpg
ALB,img_1643.jpg
ALB,img_1644.jpg
ALB,img_1645.jpg
ALB,img_1646.jpg
ALB,img_1647.jpg
ALB,img_1648.jpg
ALB,img_1649.jpg
ALB,img_165.jpg
ALB,img_1650.jpg
ALB,img_1651.jpg
ALB,img_1652.jpg
ALB,img_1653.jpg
ALB,img_1654.jpg
ALB,img_1655.jpg
ALB,img_1656.jpg
ALB,img_1657.jpg
ALB,img_1658.jpg
ALB,img_1659.jpg
ALB,img_166.jpg
ALB,img_1660.jpg
ALB,img_1661.jpg
ALB,img_1662.jpg
ALB,img_1663.jpg
ALB,img_1664.jpg
ALB,img_1665.jpg
ALB,img_1666.jpg
ALB,img_1667.jpg
ALB,img_1668.jpg
ALB,img_1669.jpg
ALB,img_167.jpg
ALB,img_1670.jpg
ALB,img_1671.jpg
ALB,img_1672.jpg
ALB,img_1673.jpg
ALB,img_1674.jpg
ALB,img_1675.jpg
ALB,img_1676.jpg
ALB,img_1677.jpg
ALB,img_1678.jpg
ALB,img_1679.jpg
ALB,img_168.jpg
ALB,img_1680.jpg
ALB,img_1681.jpg
ALB,img_1682.jpg
ALB,img_1683.jpg
ALB,img_1684.jpg
ALB,img_1685.jpg
ALB,img_1686.jpg
ALB,img_1687.jpg
ALB,img_1688.jpg
ALB,img_1689.jpg
ALB,img_169.jpg
ALB,img_1690.jpg
ALB,img_1691.jpg
ALB,img_1692.jpg
ALB,img_1693.jpg
ALB,img_1694.jpg
ALB,img_1695.jpg
ALB,img_1696.jpg
ALB,img_1697.jpg
ALB,img_1698.jpg
ALB,img_1699.jpg
ALB,img_17.jpg
ALB,img_170.jpg
ALB,img_1700.jpg
ALB,img_1701.jpg
ALB,img_1702.jpg
ALB,img_1703.jpg
ALB,img_1704.jpg
ALB,img_1705.jpg
ALB,img_1706.jpg
ALB,img_1707.jpg
ALB,img_1708.jpg
ALB,img_1709.jpg
ALB,img_171.jpg
ALB,img_1710.jpg
ALB,img_1711.jpg
ALB,img_1712.jpg
ALB,img_1713.jpg
ALB,img_1714.jpg
ALB,img_1715.jpg
ALB,img_1716.jpg
ALB,img_1717.jpg
ALB,img_1718.jpg
ALB,img_1719.jpg
ALB,img_172.jpg
ALB,img_1720.jpg
ALB,img_1721.jpg
ALB,img_1722.jpg
ALB,img_1723.jpg
ALB,img_1724.jpg
ALB,img_1725.jpg
ALB,img_1726.jpg
ALB,img_1727.jpg
ALB,img_1728.jpg
ALB,img_1729.jpg
ALB,img_173.jpg
ALB,img_1730.jpg
ALB,img_1731.jpg
ALB,img_1732.jpg
ALB,img_1733.jpg
ALB,img_1734.jpg
ALB,img_1735.jpg
ALB,img_1736.jpg
ALB,img_1737.jpg
ALB,img_1738.jpg
ALB,img_1739.jpg
ALB,img_174.jpg
ALB,img_1740.jpg
ALB,img_1741.jpg
ALB,img_1742.jpg
ALB,img_1743.jpg
ALB,img_1744.jpg
ALB,img_1745.jpg
ALB,img_1746.jpg
ALB,img_1747.jpg
ALB,img_1748.jpg
ALB,img_1749.jpg
ALB,img_175.jpg
ALB,img_1750.jpg
ALB,img_1751.jpg
ALB,img_1752.jpg
ALB,img_1753.jpg
ALB,img_1754.jpg
ALB,img_1755.jpg
ALB,img_1756.jpg
ALB,img_1757.jpg
ALB,img_1758.jpg
ALB,img_1759.jpg
ALB,img_176.jpg
ALB,img_1760.jpg
ALB,img_1761.jpg
ALB,img_1762.jpg
ALB,img_1763.jpg
ALB,img_1764.jpg
ALB,img_1765.jpg
ALB,img_1766.jpg
ALB,img_1767.jpg
ALB,img_1768.jpg
ALB,img_1769.jpg
ALB,img_177.jpg
ALB,img_1770.jpg
ALB,img_1771.jpg
ALB,img_1772.jpg
ALB,img_1773.jpg
ALB,img_1774.jpg
ALB,img_1775.jpg
ALB,img_1776.jpg
ALB,img_1777.jpg
ALB,img_1778.jpg
ALB,img_1779.jpg
ALB,img_178.jpg
ALB,img_1780.jpg
ALB,img_1781.jpg
ALB,img_1782.jpg
ALB,img_1783.jpg
ALB,img_1784.jpg
ALB,img_1785.jpg
ALB,img_1786.jpg
ALB,img_1787.jpg
ALB,img_1788.jpg
ALB,img_1789.jpg
ALB,img_179.jpg
ALB,img_1790.jpg
ALB,img_1791.jpg
ALB,img_1792.jpg
ALB,img_1793.jpg
ALB,img_1794.jpg
ALB,img_1795.jpg
ALB,img_1796.jpg
ALB,img_1797.jpg
ALB,img_1798.jpg
ALB,img_1799.jpg
ALB,img_18.jpg
ALB,img_180.jpg
ALB,img_1800.jpg
ALB,img_1801.jpg
ALB,img_1802.jpg
ALB,img_1803.jpg
ALB,img_1804.jpg
ALB,img_1805.jpg
ALB,img_1806.jpg
ALB,img_1807.jpg
ALB,img_1808.jpg
ALB,img_1809.jpg
ALB,img_181.jpg
ALB,img_1810.jpg
ALB,img_1811.jpg
ALB,img_1812.jpg
ALB,img_1813.jpg
ALB,img_1814.jpg
ALB,img_1815.jpg
ALB,img_1816.jpg
ALB,img_1817.jpg
ALB,img_1818.jpg
ALB,img_1819.jpg
ALB,img_182.jpg
ALB,img_1820.jpg
ALB,img_1821.jpg
ALB,img_1822.jpg
ALB,img_1823.jpg
ALB,img_1824.jpg
ALB,img_1825.jpg
ALB,img_1826.jpg
ALB,img_1827.jpg
ALB,img_1828.jpg
ALB,img_1829.jpg
ALB,img_183.jpg
ALB,img_1830.jpg
ALB,img_1831.jpg
ALB,img_1832.jpg
ALB,img_1833.jpg
ALB,img_1834.jpg
ALB,img_1835.jpg
ALB,img_1836.jpg
ALB,img_1837.jpg
ALB,img_1838.jpg
ALB,img_1839.jpg
ALB,img_184.jpg
ALB,img_1840.jpg
ALB,img_1841.jpg
ALB,img_1842.jpg
ALB,img_1843.jpg
ALB,img_1844.jpg
ALB,img_1845.jpg
ALB,img_1846.jpg
ALB,img_1847.jpg
ALB,img_1848.jpg
ALB,img_1849.jpg
ALB,img_185.jpg
ALB,img_1850.jpg
ALB,img_1851.jpg
ALB,img_1852.jpg
ALB,img_1853.jpg
ALB,img_1854.jpg
ALB,img_1855.jpg
ALB,img_1856.jpg
ALB,img_1857.jpg
ALB,img_1858.jpg
ALB,img_1859.jpg
ALB,img_186.jpg
ALB,img_1860.jpg
ALB,img_1861.jpg
ALB,img_1862.jpg
ALB,img_1863.jpg
ALB,img_1864.jpg
ALB,img_1865.jpg
ALB,img_1866.jpg
ALB,img_1867.jpg
ALB,img_1868.jpg
ALB,img_1869.jpg
ALB,img_187.jpg
ALB,img_1870.jpg
ALB,img_1871.jpg
ALB,img_1872.jpg
ALB,img_1873.jpg
ALB,img_1874.jpg
ALB,img_1875.jpg
ALB,img_1876.jpg
ALB,img_1877.jpg
ALB,img_1878.jpg
ALB,img_1879.jpg
ALB,img_188.jpg
ALB,img_1880.jpg
ALB,img_1881.jpg
ALB,img_1882.jpg
ALB,img_1883.jpg
ALB,img_1884.jpg
ALB,img_1885.jpg
ALB,img_1886.jpg
ALB,img_1887.jpg
ALB,img_1888.jpg
ALB,img_1889.jpg
ALB,img_189.jpg
ALB,img_1890.jpg
ALB,img_1891.jpg
ALB,img_1892.jpg
ALB,img_1893.jpg
ALB,img_1894.jpg
ALB,img_1895.jpg
ALB,img_1896.jpg
ALB,img_1897.jpg
ALB,img_1898.jpg
ALB,img_1899.jpg
ALB,img_19.jpg
ALB,img_190.jpg
ALB,img_1900.jpg
ALB,img_1901.jpg
ALB,img_1902.jpg
ALB,img_1903.jpg
ALB,img_1904.jpg
ALB,img_1905.jpg
ALB,img_1906.jpg
ALB,img_1907.jpg
ALB,img_1908.jpg
ALB,img_1909.jpg
ALB,img_191.jpg
ALB,img_1910.jpg
ALB,img_1911.jpg
ALB,img_1912.jpg
ALB,img_1913.jpg
ALB,img_1914.jpg
ALB,img_1915.jpg
ALB,img_1916.jpg
ALB,img_1917.jpg
ALB,img_1918.jpg
ALB,img_1919.jpg
ALB,img_192.jpg
ALB,img_1920.jpg
ALB,img_1921.jpg
ALB,img_1922.jpg
ALB,img_1923.jpg
ALB,img_1924.jpg
ALB,img_1925.jpg
ALB,img_1926.jpg
ALB,img_1927.jpg
ALB,img_1928.jpg
ALB,img_1929.jpg
ALB,img_193.jpg
ALB,img_1930.jpg
ALB,img_1931.jpg
ALB,img_1932.jpg
ALB,img_1933.jpg
ALB,img_1934.jpg
ALB,img_1935.jpg
ALB,img_1936.jpg
ALB,img_1937.jpg
ALB,img_1938.jpg
ALB,img_1939.jpg
ALB,img_194.jpg
ALB,img_1940.jpg
ALB,img_1941.jpg
ALB,img_1942.jpg
ALB,img_1943.jpg
ALB,img_1944.jpg
ALB,img_1945.jpg
ALB,img_1946.jpg
ALB,img_1947.jpg
ALB,img_1948.jpg
ALB,img_1949.jpg
ALB,img_195.jpg
ALB,img_1950.jpg
ALB,img_1951.jpg
ALB,img_1952.jpg
ALB,img_1953.jpg
ALB,img_1954.jpg
ALB,img_1955.jpg
ALB,img_1956.jpg
ALB,img_1957.jpg
ALB,img_1958.jpg
ALB,img_1959.jpg
ALB,img_196.jpg
ALB,img_1960.jpg
ALB,img_1961.jpg
ALB,img_1962.jpg
ALB,img_1963.jpg
ALB,img_1964.jpg
ALB,img_1965.jpg
ALB,img_1966.jpg
ALB,img_1967.jpg
ALB,img_1968.jpg
ALB,img_1969.jpg
ALB,img_197.jpg
ALB,img_1970.jpg
ALB,img_1971.jpg
ALB,img_1972.jpg
ALB,img_1973.jpg
ALB,img_1974.jpg
ALB,img_1975.jpg
ALB,img_1976.jpg
ALB,img_1977.jpg
ALB,img_1978.jpg
ALB,img_1979.jpg
ALB,img_198.jpg
ALB,img_1980.jpg
ALB,img_1981.jpg
ALB,img_1982.jpg
ALB,img_1983.jpg
ALB,img_1984.jpg
ALB,img_1985.jpg
ALB,img_1986.jpg
ALB,img_1987.jpg
ALB,img_1988.jpg
ALB,img_1989.jpg
ALB,img_199.jpg
ALB,img_1990.jpg
ALB,img_1991.jpg
ALB,img_1992.jpg
ALB,img_1993.jpg
ALB,img_1994.jpg
ALB,img_1995.jpg
ALB,img_1996.jpg
ALB,img_1997.jpg
ALB,img_1998.jpg
ALB,img_1999.jpg
ALB,img_2.jpg
ALB,img_20.jpg
ALB,img_200.jpg
ALB,img_2000.jpg
ALB,img_2001.jpg
ALB,img_2002.jpg
ALB,img_2003.jpg
ALB,img_2004.jpg
ALB,img_2005.jpg
ALB,img_2006.jpg
ALB,img_2007.jpg
ALB,img_2008.jpg
ALB,img_2009.jpg
ALB,img_201.jpg
ALB,img_2010.jpg
ALB,img_2011.jpg
ALB,img_2012.jpg
ALB,img_2013.jpg
ALB,img_2014.jpg
ALB,img_2015.jpg
ALB,img_2016.jpg
ALB,img_2017.jpg
ALB,img_2018.jpg
ALB,img_2019.jpg
ALB,img_202.jpg
ALB,img_2020.jpg
ALB,img_2021.jpg
ALB,img_2022.jpg
ALB,img_2023.jpg
ALB,img_2024.jpg
ALB,img_2025.jpg
ALB,img_2026.jpg
ALB,img_2027.jpg
ALB,img_2028.jpg
ALB,img_2029.jpg
ALB,img_203.jpg
ALB,img_2030.jpg
ALB,img_2031.jpg
ALB,img_2032.jpg
ALB,img_2033.jpg
ALB,img_2034.jpg
ALB,img_2035.jpg
ALB,img_2036.jpg
ALB,img_2037.jpg
ALB,img_2038.jpg
ALB,img_2039.jpg
ALB,img_204.jpg
ALB,img_2040.jpg
ALB,img_2041.jpg
ALB,img_2042.jpg
ALB,img_2043.jpg
ALB,img_2044.jpg
ALB,img_2045.jpg
ALB,img_2046.jpg
ALB,img_2047.jpg
ALB,img_2048.jpg
ALB,img_2049.jpg
ALB,img_205.jpg
ALB,img_2050.jpg
ALB,img_2051.jpg
ALB,img_2052.jpg
ALB,img_2053.jpg
ALB,img_2054.jpg
ALB,img_2055.jpg
ALB,img_2056.jpg
ALB,img_2057.jpg
ALB,img_2058.jpg
ALB,img_2059.jpg
ALB,img_206.jpg
ALB,img_2060.jpg
ALB,img_2061.jpg
ALB,img_2062.jpg
ALB,img_2063.jpg
ALB,img_2064.jpg
ALB,img_2065.jpg
ALB,img_2066.jpg
ALB,img_2067.jpg
ALB,img_2068.jpg
ALB,img_2069.jpg
ALB,img_207.jpg
ALB,img_2070.jpg
ALB,img_2071.jpg
ALB,img_2072.jpg
ALB,img_2073.jpg
ALB,img_2074.jpg
ALB,img_2075.jpg
ALB,img_2076.jpg
ALB,img_2077.jpg
ALB,img_2078.jpg
ALB,img_2079.jpg
ALB,img_208.jpg
ALB,img_2080.jpg
ALB,img_2081.jpg
ALB,img_2082.jpg
ALB,img_2083.jpg
ALB,img_2084.jpg
ALB,img_2085.jpg
ALB,img_2086.jpg
ALB,img_2087.jpg
ALB,img_2088.jpg
ALB,img_2089.jpg
ALB,img_209.jpg
ALB,img_2090.jpg
ALB,img_2091.jpg
ALB,img_2092.jpg
ALB,img_2093.jpg
ALB,img_2094.jpg
ALB,img_2095.jpg
ALB,img_2096.jpg
ALB,img_2097.jpg
ALB,img_2098.jpg
ALB,img_2099.jpg
ALB,img_21.jpg
ALB,img_210.jpg
ALB,img_2100.jpg
ALB,img_2101.jpg
ALB,img_2102.jpg
ALB,img_2103.jpg
ALB,img_2104.jpg
ALB,img_2105.jpg
ALB,img_2106.jpg
ALB,img_2107.jpg
ALB,img_2108.jpg
ALB,img_2109.jpg
ALB,img_211.jpg
ALB,img_2110.jpg
ALB,img_2111.jpg
ALB,img_2112.jpg
ALB,img_2113.jpg
ALB,img_2114.jpg
ALB,img_2115.jpg
ALB,img_2116.jpg
ALB,img_2117.jpg
ALB,img_2118.jpg
ALB,img_2119.jpg
ALB,img_212.jpg
ALB,img_2120.jpg
ALB,img_2121.jpg
ALB,img_2122.jpg
ALB,img_2123.jpg
ALB,img_2124.jpg
ALB,img_2125.jpg
ALB,img_2126.jpg
ALB,img_2127.jpg
ALB,img_2128.jpg
ALB,img_2129.jpg
ALB,img_213.jpg
ALB,img_2130.jpg
ALB,img_2131.jpg
ALB,img_2132.jpg
ALB,img_2133.jpg
ALB,img_2134.jpg
ALB,img_2135.jpg
ALB,img_2136.jpg
ALB,img_2137.jpg
ALB,img_2138.jpg
ALB,img_2139.jpg
ALB,img_214.jpg
ALB,img_2140.jpg
ALB,img_2141.jpg
ALB,img_2142.jpg
ALB,img_2143.jpg
ALB,img_2144.jpg
ALB,img_2145.jpg
ALB,img_2146.jpg
ALB,img_2147.jpg
ALB,img_2148.jpg
ALB,img_2149.jpg
ALB,img_215.jpg
ALB,img_2150.jpg
ALB,img_2151.jpg
ALB,img_2152.jpg
ALB,img_2153.jpg
ALB,img_2154.jpg
ALB,img_2155.jpg
ALB,img_2156.jpg
ALB,img_2157.jpg
ALB,img_2158.jpg
ALB,img_2159.jpg
ALB,img_216.jpg
ALB,img_2160.jpg
ALB,img_2161.jpg
ALB,img_2162.jpg
ALB,img_2163.jpg
ALB,img_2164.jpg
ALB,img_2165.jpg
ALB,img_2166.jpg
ALB,img_2167.jpg
ALB,img_2168.jpg
ALB,img_2169.jpg
ALB,img_217.jpg
ALB,img_2170.jpg
ALB,img_2171.jpg
ALB,img_2172.jpg
ALB,img_2173.jpg
ALB,img_2174.jpg
ALB,img_2175.jpg
ALB,img_2176.jpg
ALB,img_2177.jpg
ALB,img_2178.jpg
ALB,img_2179.jpg
ALB,img_218.jpg
ALB,img_2180.jpg
ALB,img_2181.jpg
ALB,img_2182.jpg
ALB,img_2183.jpg
ALB,img_2184.jpg
ALB,img_2185.jpg
ALB,img_2186.jpg
ALB,img_2187.jpg
ALB,img_2188.jpg
ALB,img_2189.jpg
ALB,img_219.jpg
ALB,img_2190.jpg
ALB,img_2191.jpg
ALB,img_2192.jpg
ALB,img_2193.jpg
ALB,img_2194.jpg
ALB,img_2195.jpg
ALB,img_2196.jpg
ALB,img_2197.jpg
ALB,img_2198.jpg
ALB,img_2199.jpg
ALB,img_22.jpg
ALB,img_220.jpg
ALB,img_2200.jpg
ALB,img_2201.jpg
ALB,img_2202.jpg
ALB,img_2203.jpg
ALB,img_2204.jpg
ALB,img_2205.jpg
ALB,img_2206.jpg
ALB,img_2207.jpg
ALB,img_2208.jpg
ALB,img_2209.jpg
ALB,img_221.jpg
ALB,img_2210.jpg
ALB,img_2211.jpg
ALB,img_2212.jpg
ALB,img_2213.jpg
ALB,img_2214.jpg
ALB,img_2215.jpg
ALB,img_2216.jpg
ALB,img_2217.jpg
ALB,img_2218.jpg
ALB,img_2219.jpg
ALB,img_222.jpg
ALB,img_2220.jpg
ALB,img_2221.jpg
ALB,img_2222.jpg
ALB,img_2223.jpg
ALB,img_2224.jpg
ALB,img_2225.jpg
ALB,img_2226.jpg
ALB,img_2227.jpg
ALB,img_2228.jpg
ALB,img_2229.jpg
ALB,img_223.jpg
ALB,img_2230.jpg
ALB,img_2231.jpg
ALB,img_2232.jpg
ALB,img_2233.jpg
ALB,img_2234.jpg
ALB,img_2235.jpg
ALB,img_2236.jpg
ALB,img_2237.jpg
ALB,img_2238.jpg
ALB,img_2239.jpg
ALB,img_224.jpg
ALB,img_2240.jpg
ALB,img_2241.jpg
ALB,img_2242.jpg
ALB,img_2243.jpg
ALB,img_2244.jpg
ALB,img_2245.jpg
ALB,img_2246.jpg
ALB,img_2247.jpg
ALB,img_2248.jpg
ALB,img_2249.jpg
ALB,img_225.jpg
ALB,img_2250.jpg
ALB,img_2251.jpg
ALB,img_2252.jpg
ALB,img_2253.jpg
ALB,img_2254.jpg
ALB,img_2255.jpg
ALB,img_2256.jpg
ALB,img_2257.jpg
ALB,img_2258.jpg
ALB,img_2259.jpg
ALB,img_226.jpg
ALB,img_2260.jpg
ALB,img_2261.jpg
ALB,img_2262.jpg
ALB,img_2263.jpg
ALB,img_2264.jpg
ALB,img_2265.jpg
ALB,img_2266.jpg
ALB,img_2267.jpg
ALB,img_2268.jpg
ALB,img_2269.jpg
ALB,img_227.jpg
ALB,img_2270.jpg
ALB,img_2271.jpg
ALB,img_2272.jpg
ALB,img_2273.jpg
ALB,img_2274.jpg
ALB,img_2275.jpg
ALB,img_2276.jpg
ALB,img_2277.jpg
ALB,img_2278.jpg
ALB,img_2279.jpg
ALB,img_228.jpg
ALB,img_2280.jpg
ALB,img_2281.jpg
ALB,img_2282.jpg
ALB,img_2283.jpg
ALB,img_2284.jpg
ALB,img_2285.jpg
ALB,img_2286.jpg
ALB,img_2287.jpg
ALB,img_2288.jpg
ALB,img_2289.jpg
ALB,img_229.jpg
ALB,img_2290.jpg
ALB,img_2291.jpg
ALB,img_2292.jpg
ALB,img_2293.jpg
ALB,img_2294.jpg
ALB,img_2295.jpg
ALB,img_2296.jpg
ALB,img_2297.jpg
ALB,img_2298.jpg
ALB,img_2299.jpg
ALB,img_23.jpg
ALB,img_230.jpg
ALB,img_2300.jpg
ALB,img_2301.jpg
ALB,img_2302.jpg
ALB,img_2303.jpg
ALB,img_2304.jpg
ALB,img_2305.jpg
ALB,img_2306.jpg
ALB,img_2307.jpg
ALB,img_2308.jpg
ALB,img_2309.jpg
ALB,img_231.jpg
ALB,img_2310.jpg
ALB,img_2311.jpg
ALB,img_2312.jpg
ALB,img_2313.jpg
ALB,img_2314.jpg
ALB,img_2315.jpg
ALB,img_2316.jpg
ALB,img_2317.jpg
ALB,img_2318.jpg
ALB,img_2319.jpg
ALB,img_232.jpg
ALB,img_2320.jpg
ALB,img_2321.jpg
ALB,img_2322.jpg
ALB,img_2323.jpg
ALB,img_2324.jpg
ALB,img_2325.jpg
ALB,img_2326.jpg
ALB,img_2327.jpg
ALB,img_2328.jpg
ALB,img_2329.jpg
ALB,img_233.jpg
ALB,img_2330.jpg
ALB,img_2331.jpg
ALB,img_2332.jpg
ALB,img_2333.jpg
ALB,img_2334.jpg
ALB,img_2335.jpg
ALB,img_2336.jpg
ALB,img_2337.jpg
ALB,img_2338.jpg
ALB,img_2339.jpg
ALB,img_234.jpg
ALB,img_2340.jpg
ALB,img_2341.jpg
ALB,img_2342.jpg
ALB,img_2343.jpg
ALB,img_2344.jpg
ALB,img_2345.jpg
ALB,img_2346.jpg
ALB,img_2347.jpg
ALB,img_2348.jpg
ALB,img_2349.jpg
ALB,img_235.jpg
ALB,img_2350.jpg
ALB,img_2351.jpg
ALB,img_2352.jpg
ALB,img_2353.jpg
ALB,img_2354.jpg
ALB,img_2355.jpg
ALB,img_2356.jpg
ALB,img_2357.jpg
ALB,img_2358.jpg
ALB,img_2359.jpg
ALB,img_236.jpg
ALB,img_2360.jpg
ALB,img_2361.jpg
ALB,img_2362.jpg
ALB,img_2363.jpg
ALB,img_2364.jpg
ALB,img_2365.jpg
ALB,img_2366.jpg
ALB,img_2367.jpg
ALB,img_2368.jpg
ALB,img_2369.jpg
ALB,img_237.jpg
ALB,img_2370.jpg
ALB,img_2371.jpg
ALB,img_2372.jpg
ALB,img_2373.jpg
ALB,img_2374.jpg
ALB,img_2375.jpg
ALB,img_2376.jpg
ALB,img_2377.jpg
ALB,img_2378.jpg
ALB,img_2379.jpg
ALB,img_238.jpg
ALB,img_2380.jpg
ALB,img_2381.jpg
ALB,img_2382.jpg
ALB,img_2383.jpg
ALB,img_2384.jpg
ALB,img_2385.jpg
ALB,img_2386.jpg
ALB,img_2387.jpg
ALB,img_2388.jpg
ALB,img_2389.jpg
ALB,img_239.jpg
ALB,img_2390.jpg
ALB,img_2391.jpg
ALB,img_2392.jpg
ALB,img_2393.jpg
ALB,img_2394.jpg
ALB,img_2395.jpg
ALB,img_2396.jpg
ALB,img_2397.jpg
ALB,img_2398.jpg
ALB,img_2399.jpg
ALB,img_24.jpg
ALB,img_240.jpg
ALB,img_2400.jpg
ALB,img_2401.jpg
ALB,img_2402.jpg
ALB,img_2403.jpg
ALB,img_2404.jpg
ALB,img_2405.jpg
ALB,img_2406.jpg
ALB,img_2407.jpg
ALB,img_2408.jpg
ALB,img_2409.jpg
ALB,img_241.jpg
ALB,img_2410.jpg
ALB,img_2411.jpg
ALB,img_2412.jpg
ALB,img_2413.jpg
ALB,img_2414.jpg
ALB,img_2415.jpg
ALB,img_2416.jpg
ALB,img_2417.jpg
ALB,img_2418.jpg
ALB,img_2419.jpg
ALB,img_242.jpg
ALB,img_2420.jpg
ALB,img_2421.jpg
ALB,img_2422.jpg
ALB,img_2423.jpg
ALB,img_2424.jpg
ALB,img_2425.jpg
ALB,img_2426.jpg
ALB,img_2427.jpg
ALB,img_2428.jpg
ALB,img_2429.jpg
ALB,img_243.jpg
ALB,img_2430.jpg
ALB,img_2431.jpg
ALB,img_2432.jpg
ALB,img_2433.jpg
ALB,img_2434.jpg
ALB,img_2435.jpg
ALB,img_2436.jpg
ALB,img_2437.jpg
ALB,img_2438.jpg
ALB,img_2439.jpg
ALB,img_244.jpg
ALB,img_2440.jpg
ALB,img_2441.jpg
ALB,img_2442.jpg
ALB,img_2443.jpg
ALB,img_2444.jpg
ALB,img_2445.jpg
ALB,img_2446.jpg
ALB,img_2447.jpg
ALB,img_2448.jpg
ALB,img_2449.jpg
ALB,img_245.jpg
ALB,img_2450.jpg
ALB,img_2451.jpg
ALB,img_2452.jpg
ALB,img_2453.jpg
ALB,img_2454.jpg
ALB,img_2455.jpg
ALB,img_2456.jpg
ALB,img_2457.jpg
ALB,img_2458.jpg
ALB,img_2459.jpg
ALB,img_246.jpg
ALB,img_2460.jpg
ALB,img_2461.jpg
ALB,img_2462.jpg
ALB,img_2463.jpg
ALB,img_2464.jpg
ALB,img_2465.jpg
ALB,img_2466.jpg
ALB,img_2467.jpg
ALB,img_2468.jpg
ALB,img_2469.jpg
ALB,img_247.jpg
ALB,img_2470.jpg
ALB,img_2471.jpg
ALB,img_2472.jpg
ALB,img_2473.jpg
ALB,img_2474.jpg
ALB,img_2475.jpg
ALB,img_2476.jpg
ALB,img_2477.jpg
ALB,img_2478.jpg
ALB,img_2479.jpg
ALB,img_248.jpg
ALB,img_2480.jpg
ALB,img_2481.jpg
ALB,img_2482.jpg
ALB,img_2483.jpg
ALB,img_2484.jpg
ALB,img_2485.jpg
ALB,img_2486.jpg
ALB,img_2487.jpg
ALB,img_2488.jpg
ALB,img_2489.jpg
ALB,img_249.jpg
ALB,img_2490.jpg
ALB,img_2491.jpg
ALB,img_2492.jpg
ALB,img_2493.jpg
ALB,img_2494.jpg
ALB,img_2495.jpg
ALB,img_2496.jpg
ALB,img_2497.jpg
ALB,img_2498.jpg
ALB,img_2499.jpg
ALB,img_25.jpg
ALB,img_250.jpg
ALB,img_2500.jpg
ALB,img_2501.jpg
ALB,img_2502.jpg
ALB,img_2503.jpg
ALB,img_2504.jpg
ALB,img_2505.jpg
ALB,img_2506.jpg
ALB,img_2507.jpg
ALB,img_2508.jpg
ALB,img_2509.jpg
ALB,img_251.jpg
ALB,img_2510.jpg
ALB,img_2511.jpg
ALB,img_2512.jpg
ALB,img_2513.jpg
ALB,img_252.jpg
ALB,img_253.jpg
ALB,img_254.jpg
ALB,img_255.jpg
ALB,img_256.jpg
ALB,img_257.jpg
ALB,img_258.jpg
ALB,img_259.jpg
ALB,img_26.jpg
ALB,img_260.jpg
ALB,img_261.jpg
ALB,img_262.jpg
ALB,img_263.jpg
ALB,img_264.jpg
ALB,img_265.jpg
ALB,img_266.jpg
ALB,img_267.jpg
ALB,img_268.jpg
ALB,img_269.jpg
ALB,img_27.jpg
ALB,img_270.jpg
ALB,img_271.jpg
ALB,img_272.jpg
ALB,img_273.jpg
ALB,img_274.jpg
ALB,img_275.jpg
ALB,img_276.jpg
ALB,img_277.jpg
ALB,img_278.jpg
ALB,img_279.jpg
ALB,img_28.jpg
ALB,img_280.jpg
ALB,img_281.jpg
ALB,img_282.jpg
ALB,img_283.jpg
ALB,img_284.jpg
ALB,img_285.jpg
ALB,img_286.jpg
ALB,img_287.jpg
ALB,img_288.jpg
ALB,img_289.jpg
ALB,img_29.jpg
ALB,img_290.jpg
ALB,img_291.jpg
ALB,img_292.jpg
ALB,img_293.jpg
ALB,img_294.jpg
ALB,img_295.jpg
ALB,img_296.jpg
ALB,img_297.jpg
ALB,img_298.jpg
ALB,img_299.jpg
ALB,img_3.jpg
ALB,img_30.jpg
ALB,img_300.jpg
ALB,img_301.jpg
ALB,img_302.jpg
ALB,img_303.jpg
ALB,img_304.jpg
ALB,img_305.jpg
ALB,img_306.jpg
ALB,img_307.jpg
ALB,img_308.jpg
ALB,img_309.jpg
ALB,img_31.jpg
ALB,img_310.jpg
ALB,img_311.jpg
ALB,img_312.jpg
ALB,img_313.jpg
ALB,img_314.jpg
ALB,img_315.jpg
ALB,img_316.jpg
ALB,img_317.jpg
ALB,img_318.jpg
ALB,img_319.jpg
ALB,img_32.jpg
ALB,img_320.jpg
ALB,img_321.jpg
ALB,img_322.jpg
ALB,img_323.jpg
ALB,img_324.jpg
ALB,img_325.jpg
ALB,img_326.jpg
ALB,img_327.jpg
ALB,img_328.jpg
ALB,img_329.jpg
ALB,img_33.jpg
ALB,img_330.jpg
ALB,img_331.jpg
ALB,img_332.jpg
ALB,img_333.jpg
ALB,img_334.jpg
ALB,img_335.jpg
ALB,img_336.jpg
ALB,img_337.jpg
ALB,img_338.jpg
ALB,img_339.jpg
ALB,img_34.jpg
ALB,img_340.jpg
ALB,img_341.jpg
ALB,img_342.jpg
ALB,img_343.jpg
ALB,img_344.jpg
ALB,img_345.jpg
ALB,img_346.jpg
ALB,img_347.jpg
ALB,img_348.jpg
ALB,img_349.jpg
ALB,img_35.jpg
ALB,img_350.jpg
ALB,img_351.jpg
ALB,img_352.jpg
ALB,img_353.jpg
ALB,img_354.jpg
ALB,img_355.jpg
ALB,img_356.jpg
ALB,img_357.jpg
ALB,img_358.jpg
ALB,img_359.jpg
ALB,img_36.jpg
ALB,img_360.jpg
ALB,img_361.jpg
ALB,img_362.jpg
ALB,img_363.jpg
ALB,img_364.jpg
ALB,img_365.jpg
ALB,img_366.jpg
ALB,img_367.jpg
ALB,img_368.jpg
ALB,img_369.jpg
ALB,img_37.jpg
ALB,img_370.jpg
ALB,img_371.jpg
ALB,img_372.jpg
ALB,img_373.jpg
ALB,img_374.jpg
ALB,img_375.jpg
ALB,img_376.jpg
ALB,img_377.jpg
ALB,img_378.jpg
ALB,img_379.jpg
ALB,img_38.jpg
ALB,img_380.jpg
ALB,img_381.jpg
ALB,img_382.jpg
ALB,img_383.jpg
ALB,img_384.jpg
ALB,img_385.jpg
ALB,img_386.jpg
ALB,img_387.jpg
ALB,img_388.jpg
ALB,img_389.jpg
ALB,img_39.jpg
ALB,img_390.jpg
ALB,img_391.jpg
ALB,img_392.jpg
ALB,img_393.jpg
ALB,img_394.jpg
ALB,img_395.jpg
ALB,img_396.jpg
ALB,img_397.jpg
ALB,img_398.jpg
ALB,img_399.jpg
ALB,img_4.jpg
ALB,img_40.jpg
ALB,img_400.jpg
ALB,img_401.jpg
ALB,img_402.jpg
ALB,img_403.jpg
ALB,img_404.jpg
ALB,img_405.jpg
ALB,img_406.jpg
ALB,img_407.jpg
ALB,img_408.jpg
ALB,img_409.jpg
ALB,img_41.jpg
ALB,img_410.jpg
ALB,img_411.jpg
ALB,img_412.jpg
ALB,img_413.jpg
ALB,img_414.jpg
ALB,img_415.jpg
ALB,img_416.jpg
ALB,img_417.jpg
ALB,img_418.jpg
ALB,img_419.jpg
ALB,img_42.jpg
ALB,img_420.jpg
ALB,img_421.jpg
ALB,img_422.jpg
ALB,img_423.jpg
ALB,img_424.jpg
ALB,img_425.jpg
ALB,img_426.jpg
ALB,img_427.jpg
ALB,img_428.jpg
ALB,img_429.jpg
ALB,img_43.jpg
ALB,img_430.jpg
ALB,img_431.jpg
ALB,img_432.jpg
ALB,img_433.jpg
ALB,img_434.jpg
ALB,img_435.jpg
ALB,img_436.jpg
ALB,img_437.jpg
ALB,img_438.jpg
ALB,img_439.jpg
ALB,img_44.jpg
ALB,img_440.jpg
ALB,img_441.jpg
ALB,img_442.jpg
ALB,img_443.jpg
ALB,img_444.jpg
ALB,img_445.jpg
ALB,img_446.jpg
ALB,img_447.jpg
ALB,img_448.jpg
ALB,img_449.jpg
ALB,img_45.jpg
ALB,img_450.jpg
ALB,img_451.jpg
ALB,img_452.jpg
ALB,img_453.jpg
ALB,img_454.jpg
ALB,img_455.jpg
ALB,img_456.jpg
ALB,img_457.jpg
ALB,img_458.jpg
ALB,img_459.jpg
ALB,img_46.jpg
ALB,img_460.jpg
ALB,img_461.jpg
ALB,img_462.jpg
ALB,img_463.jpg
ALB,img_464.jpg
ALB,img_465.jpg
ALB,img_466.jpg
ALB,img_467.jpg
ALB,img_468.jpg
ALB,img_469.jpg
ALB,img_47.jpg
ALB,img_470.jpg
ALB,img_471.jpg
ALB,img_472.jpg
ALB,img_473.jpg
ALB,img_474.jpg
ALB,img_475.jpg
ALB,img_476.jpg
ALB,img_477.jpg
ALB,img_478.jpg
ALB,img_479.jpg
ALB,img_48.jpg
ALB,img_480.jpg
ALB,img_481.jpg
ALB,img_482.jpg
ALB,img_483.jpg
ALB,img_484.jpg
ALB,img_485.jpg
ALB,img_486.jpg
ALB,img_487.jpg
ALB,img_488.jpg
ALB,img_489.jpg
ALB,img_49.jpg
ALB,img_490.jpg
ALB,img_491.jpg
ALB,img_492.jpg
ALB,img_493.jpg
ALB,img_494.jpg
ALB,img_495.jpg
ALB,img_496.jpg
ALB,img_497.jpg
ALB,img_498.jpg
ALB,img_499.jpg
ALB,img_5.jpg
ALB,img_50.jpg
ALB,img_500.jpg
ALB,img_501.jpg
ALB,img_502.jpg
ALB,img_503.jpg
ALB,img_504.jpg
ALB,img_505.jpg
ALB,img_506.jpg
ALB,img_507.jpg
ALB,img_508.jpg
ALB,img_509.jpg
ALB,img_51.jpg
ALB,img_510.jpg
ALB,img_511.jpg
ALB,img_512.jpg
ALB,img_513.jpg
ALB,img_514.jpg
ALB,img_515.jpg
ALB,img_516.jpg
ALB,img_517.jpg
ALB,img_518.jpg
ALB,img_519.jpg
ALB,img_52.jpg
ALB,img_520.jpg
ALB,img_521.jpg
ALB,img_522.jpg
ALB,img_523.jpg
ALB,img_524.jpg
ALB,img_525.jpg
ALB,img_526.jpg
ALB,img_527.jpg
ALB,img_528.jpg
ALB,img_529.jpg
ALB,img_53.jpg
ALB,img_530.jpg
ALB,img_531.jpg
ALB,img_532.jpg
ALB,img_533.jpg
ALB,img_534.jpg
ALB,img_535.jpg
ALB,img_536.jpg
ALB,img_537.jpg
ALB,img_538.jpg
ALB,img_539.jpg
ALB,img_54.jpg
ALB,img_540.jpg
ALB,img_541.jpg
ALB,img_542.jpg
ALB,img_543.jpg
ALB,img_544.jpg
ALB,img_545.jpg
ALB,img_546.jpg
ALB,img_547.jpg
ALB,img_548.jpg
ALB,img_549.jpg
ALB,img_55.jpg
ALB,img_550.jpg
ALB,img_551.jpg
ALB,img_552.jpg
ALB,img_553.jpg
ALB,img_554.jpg
ALB,img_555.jpg
ALB,img_556.jpg
ALB,img_557.jpg
ALB,img_558.jpg
ALB,img_559.jpg
ALB,img_56.jpg
ALB,img_560.jpg
ALB,img_561.jpg
ALB,img_562.jpg
ALB,img_563.jpg
ALB,img_564.jpg
ALB,img_565.jpg
ALB,img_566.jpg
ALB,img_567.jpg
ALB,img_568.jpg
ALB,img_569.jpg
ALB,img_57.jpg
ALB,img_570.jpg
ALB,img_571.jpg
ALB,img_572.jpg
ALB,img_573.jpg
ALB,img_574.jpg
ALB,img_575.jpg
ALB,img_576.jpg
ALB,img_577.jpg
ALB,img_578.jpg
ALB,img_579.jpg
ALB,img_58.jpg
ALB,img_580.jpg
ALB,img_581.jpg
ALB,img_582.jpg
ALB,img_583.jpg
ALB,img_584.jpg
ALB,img_585.jpg
ALB,img_586.jpg
ALB,img_587.jpg
ALB,img_588.jpg
ALB,img_589.jpg
ALB,img_59.jpg
ALB,img_590.jpg
ALB,img_591.jpg
ALB,img_592.jpg
ALB,img_593.jpg
ALB,img_594.jpg
ALB,img_595.jpg
ALB,img_596.jpg
ALB,img_597.jpg
ALB,img_598.jpg
ALB,img_599.jpg
ALB,img_6.jpg
ALB,img_60.jpg
ALB,img_600.jpg
ALB,img_601.jpg
ALB,img_602.jpg
ALB,img_603.jpg
ALB,img_604.jpg
ALB,img_605.jpg
ALB,img_606.jpg
ALB,img_607.jpg
ALB,img_608.jpg
ALB,img_609.jpg
ALB,img_61.jpg
ALB,img_610.jpg
ALB,img_611.jpg
ALB,img_612.jpg
ALB,img_613.jpg
ALB,img_614.jpg
ALB,img_615.jpg
ALB,img_616.jpg
ALB,img_617.jpg
ALB,img_618.jpg
ALB,img_619.jpg
ALB,img_62.jpg
ALB,img_620.jpg
ALB,img_621.jpg
ALB,img_622.jpg
ALB,img_623.jpg
ALB,img_624.jpg
ALB,img_625.jpg
ALB,img_626.jpg
ALB,img_627.jpg
ALB,img_628.jpg
ALB,img_629.jpg
ALB,img_63.jpg
ALB,img_630.jpg
ALB,img_631.jpg
ALB,img_632.jpg
ALB,img_633.jpg
ALB,img_634.jpg
ALB,img_635.jpg
ALB,img_636.jpg
ALB,img_637.jpg
ALB,img_638.jpg
ALB,img_639.jpg
ALB,img_64.jpg
ALB,img_640.jpg
ALB,img_641.jpg
ALB,img_642.jpg
ALB,img_643.jpg
ALB,img_644.jpg
ALB,img_645.jpg
ALB,img_646.jpg
ALB,img_647.jpg
ALB,img_648.jpg
ALB,img_649.jpg
ALB,img_65.jpg
ALB,img_650.jpg
ALB,img_651.jpg
ALB,img_652.jpg
ALB,img_653.jpg
ALB,img_654.jpg
ALB,img_655.jpg
ALB,img_656.jpg
ALB,img_657.jpg
ALB,img_658.jpg
ALB,img_659.jpg
ALB,img_66.jpg
ALB,img_660.jpg
ALB,img_661.jpg
ALB,img_662.jpg
ALB,img_663.jpg
ALB,img_664.jpg
ALB,img_665.jpg
ALB,img_666.jpg
ALB,img_667.jpg
ALB,img_668.jpg
ALB,img_669.jpg
ALB,img_67.jpg
ALB,img_670.jpg
ALB,img_671.jpg
ALB,img_672.jpg
ALB,img_673.jpg
ALB,img_674.jpg
ALB,img_675.jpg
ALB,img_676.jpg
ALB,img_677.jpg
ALB,img_678.jpg
ALB,img_679.jpg
ALB,img_68.jpg
ALB,img_680.jpg
ALB,img_681.jpg
ALB,img_682.jpg
ALB,img_683.jpg
ALB,img_684.jpg
ALB,img_685.jpg
ALB,img_686.jpg
ALB,img_687.jpg
ALB,img_688.jpg
ALB,img_689.jpg
ALB,img_69.jpg
ALB,img_690.jpg
ALB,img_691.jpg
ALB,img_692.jpg
ALB,img_693.jpg
ALB,img_694.jpg
ALB,img_695.jpg
ALB,img_696.jpg
ALB,img_697.jpg
ALB,img_698.jpg
ALB,img_699.jpg
ALB,img_7.jpg
ALB,img_70.jpg
ALB,img_700.jpg
ALB,img_701.jpg
ALB,img_702.jpg
ALB,img_703.jpg
ALB,img_704.jpg
ALB,img_705.jpg
ALB,img_706.jpg
ALB,img_707.jpg
ALB,img_708.jpg
ALB,img_709.jpg
ALB,img_71.jpg
ALB,img_710.jpg
ALB,img_711.jpg
ALB,img_712.jpg
ALB,img_713.jpg
ALB,img_714.jpg
ALB,img_715.jpg
ALB,img_716.jpg
ALB,img_717.jpg
ALB,img_718.jpg
ALB,img_719.jpg
ALB,img_72.jpg
ALB,img_720.jpg
ALB,img_721.jpg
ALB,img_722.jpg
ALB,img_723.jpg
ALB,img_724.jpg
ALB,img_725.jpg
ALB,img_726.jpg
ALB,img_727.jpg
ALB,img_728.jpg
ALB,img_729.jpg
ALB,img_73.jpg
ALB,img_730.jpg
ALB,img_731.jpg
ALB,img_732.jpg
ALB,img_733.jpg
ALB,img_734.jpg
ALB,img_735.jpg
ALB,img_736.jpg
ALB,img_737.jpg
ALB,img_738.jpg
ALB,img_739.jpg
ALB,img_74.jpg
ALB,img_740.jpg
ALB,img_741.jpg
ALB,img_742.jpg
ALB,img_743.jpg
ALB,img_744.jpg
ALB,img_745.jpg
ALB,img_746.jpg
ALB,img_747.jpg
ALB,img_748.jpg
ALB,img_749.jpg
ALB,img_75.jpg
ALB,img_750.jpg
ALB,img_751.jpg
ALB,img_752.jpg
ALB,img_753.jpg
ALB,img_754.jpg
ALB,img_755.jpg
ALB,img_756.jpg
ALB,img_757.jpg
ALB,img_758.jpg
ALB,img_759.jpg
ALB,img_76.jpg
ALB,img_760.jpg
ALB,img_761.jpg
ALB,img_762.jpg
ALB,img_763.jpg
ALB,img_764.jpg
ALB,img_765.jpg
ALB,img_766.jpg
ALB,img_767.jpg
ALB,img_768.jpg
ALB,img_769.jpg
ALB,img_77.jpg
ALB,img_770.jpg
ALB,img_771.jpg
ALB,img_772.jpg
ALB,img_773.jpg
ALB,img_774.jpg
ALB,img_775.jpg
ALB,img_776.jpg
ALB,img_777.jpg
ALB,img_778.jpg
ALB,img_779.jpg
ALB,img_78.jpg
ALB,img_780.jpg
ALB,img_781.jpg
ALB,img_782.jpg
ALB,img_783.jpg
ALB,img_784.jpg
ALB,img_785.jpg
ALB,img_786.jpg
ALB,img_787.jpg
ALB,img_788.jpg
ALB,img_789.jpg
ALB,img_79.jpg
ALB,img_790.jpg
ALB,img_791.jpg
ALB,img_792.jpg
ALB,img_793.jpg
ALB,img_794.jpg
ALB,img_795.jpg
ALB,img_796.jpg
ALB,img_797.jpg
ALB,img_798.jpg
ALB,img_799.jpg
ALB,img_8.jpg
ALB,img_80.jpg
ALB,img_800.jpg
ALB,img_801.jpg
ALB,img_802.jpg
ALB,img_803.jpg
ALB,img_804.jpg
ALB,img_805.jpg
ALB,img_806.jpg
ALB,img_807.jpg
ALB,img_808.jpg
ALB,img_809.jpg
ALB,img_81.jpg
ALB,img_810.jpg
ALB,img_811.jpg
ALB,img_812.jpg
ALB,img_813.jpg
ALB,img_814.jpg
ALB,img_815.jpg
ALB,img_816.jpg
ALB,img_817.jpg
ALB,img_818.jpg
ALB,img_819.jpg
ALB,img_82.jpg
ALB,img_820.jpg
ALB,img_821.jpg
ALB,img_822.jpg
ALB,img_823.jpg
ALB,img_824.jpg
ALB,img_825.jpg
ALB,img_826.jpg
ALB,img_827.jpg
ALB,img_828.jpg
ALB,img_829.jpg
ALB,img_83.jpg
ALB,img_830.jpg
ALB,img_831.jpg
ALB,img_832.jpg
ALB,img_833.jpg
ALB,img_834.jpg
ALB,img_835.jpg
ALB,img_836.jpg
ALB,img_837.jpg
ALB,img_838.jpg
ALB,img_839.jpg
ALB,img_84.jpg
ALB,img_840.jpg
ALB,img_841.jpg
ALB,img_842.jpg
ALB,img_843.jpg
ALB,img_844.jpg
ALB,img_845.jpg
ALB,img_846.jpg
ALB,img_847.jpg
ALB,img_848.jpg
ALB,img_849.jpg
ALB,img_85.jpg
ALB,img_850.jpg
ALB,img_851.jpg
ALB,img_852.jpg
ALB,img_853.jpg
ALB,img_854.jpg
ALB,img_855.jpg
ALB,img_856.jpg
ALB,img_857.jpg
ALB,img_858.jpg
ALB,img_859.jpg
ALB,img_86.jpg
ALB,img_860.jpg
ALB,img_861.jpg
ALB,img_862.jpg
ALB,img_863.jpg
ALB,img_864.jpg
ALB,img_865.jpg
ALB,img_866.jpg
ALB,img_867.jpg
ALB,img_868.jpg
ALB,img_869.jpg
ALB,img_87.jpg
ALB,img_870.jpg
ALB,img_871.jpg
ALB,img_872.jpg
ALB,img_873.jpg
ALB,img_874.jpg
ALB,img_875.jpg
ALB,img_876.jpg
ALB,img_877.jpg
ALB,img_878.jpg
ALB,img_879.jpg
ALB,img_88.jpg
ALB,img_880.jpg
ALB,img_881.jpg
ALB,img_882.jpg
ALB,img_883.jpg
ALB,img_884.jpg
ALB,img_885.jpg
ALB,img_886.jpg
ALB,img_887.jpg
ALB,img_888.jpg
ALB,img_889.jpg
ALB,img_89.jpg
ALB,img_890.jpg
ALB,img_891.jpg
ALB,img_892.jpg
ALB,img_893.jpg
ALB,img_894.jpg
ALB,img_895.jpg
ALB,img_896.jpg
ALB,img_897.jpg
ALB,img_898.jpg
ALB,img_899.jpg
ALB,img_9.jpg
ALB,img_90.jpg
ALB,img_900.jpg
ALB,img_901.jpg
ALB,img_902.jpg
ALB,img_903.jpg
ALB,img_904.jpg
ALB,img_905.jpg
ALB,img_906.jpg
ALB,img_907.jpg
ALB,img_908.jpg
ALB,img_909.jpg
ALB,img_91.jpg
ALB,img_910.jpg
ALB,img_911.jpg
ALB,img_912.jpg
ALB,img_913.jpg
ALB,img_914.jpg
ALB,img_915.jpg
ALB,img_916.jpg
ALB,img_917.jpg
ALB,img_918.jpg
ALB,img_919.jpg
ALB,img_92.jpg
ALB,img_920.jpg
ALB,img_921.jpg
ALB,img_922.jpg
ALB,img_923.jpg
ALB,img_924.jpg
ALB,img_925.jpg
ALB,img_926.jpg
ALB,img_927.jpg
ALB,img_928.jpg
ALB,img_929.jpg
ALB,img_93.jpg
ALB,img_930.jpg
ALB,img_931.jpg
ALB,img_932.jpg
ALB,img_933.jpg
ALB,img_934.jpg
ALB,img_935.jpg
ALB,img_936.jpg
ALB,img_937.jpg
ALB,img_938.jpg
ALB,img_939.jpg
ALB,img_94.jpg
ALB,img_940.jpg
ALB,img_941.jpg
ALB,img_942.jpg
ALB,img_943.jpg
ALB,img_944.jpg
ALB,img_945.jpg
ALB,img_946.jpg
ALB,img_947.jpg
ALB,img_948.jpg
ALB,img_949.jpg
ALB,img_95.jpg
ALB,img_950.jpg
ALB,img_951.jpg
ALB,img_952.jpg
ALB,img_953.jpg
ALB,img_954.jpg
ALB,img_955.jpg
ALB,img_956.jpg
ALB,img_957.jpg
ALB,img_958.jpg
ALB,img_959.jpg
ALB,img_96.jpg
ALB,img_960.jpg
ALB,img_961.jpg
ALB,img_962.jpg
ALB,img_963.jpg
ALB,img_964.jpg
ALB,img_965.jpg
ALB,img_966.jpg
ALB,img_967.jpg
ALB,img_968.jpg
ALB,img_969.jpg
ALB,img_97.jpg
ALB,img_970.jpg
ALB,img_971.jpg
ALB,img_972.jpg
ALB,img_973.jpg
ALB,img_974.jpg
ALB,img_975.jpg
ALB,img_976.jpg
ALB,img_977.jpg
ALB,img_978.jpg
ALB,img_979.jpg
ALB,img_98.jpg
ALB,img_980.jpg
ALB,img_981.jpg
ALB,img_982.jpg
ALB,img_983.jpg
ALB,img_984.jpg
ALB,img_985.jpg
ALB,img_986.jpg
ALB,img_987.jpg
ALB,img_988.jpg
ALB,img_989.jpg
ALB,img_99.jpg
ALB,img_990.jpg
ALB,img_991.jpg
ALB,img_992.jpg
ALB,img_993.jpg
ALB,img_994.jpg
ALB,img_995.jpg
ALB,img_996.jpg
ALB,img_997.jpg
ALB,img_998.jpg
ALB,img_999.jpg
BET,img_1.jpg
BET,img_10.jpg
BET,img_100.jpg
BET,img_101.jpg
BET,img_102.jpg
BET,img_103.jpg
BET,img_104.jpg
BET,img_105.jpg
BET,img_106.jpg
BET,img_107.jpg
BET,img_108.jpg
BET,img_109.jpg
BET,img_11.jpg
BET,img_110.jpg
BET,img_111.jpg
BET,img_112.jpg
BET,img_113.jpg
BET,img_114.jpg
BET,img_115.jpg
BET,img_116.jpg
BET,img_117.jpg
BET,img_118.jpg
BET,img_119.jpg
BET,img_12.jpg
BET,img_120.jpg
BET,img_121.jpg
BET,img_122.jpg
BET,img_123.jpg
BET,img_124.jpg
BET,img_125.jpg
BET,img_126.jpg
BET,img_127.jpg
BET,img_128.jpg
BET,img_129.jpg
BET,img_13.jpg
BET,img_130.jpg
BET,img_131.jpg
BET,img_132.jpg
BET,img_133.jpg
BET,img_134.jpg
BET,img_135.jpg
BET,img_136.jpg
BET,img_137.jpg
BET,img_138.jpg
BET,img_139.jpg
BET,img_14.jpg
BET,img_140.jpg
BET,img_141.jpg
BET,img_142.jpg
BET,img_143.jpg
BET,img_144.jpg
BET,img_145.jpg
BET,img_146.jpg
BET,img_147.jpg
BET,img_148.jpg
BET,img_149.jpg
BET,img_15.jpg
BET,img_150.jpg
BET,img_151.jpg
BET,img_152.jpg
BET,img_153.jpg
BET,img_154.jpg
BET,img_155.jpg
BET,img_156.jpg
BET,img_157.jpg
BET,img_158.jpg
BET,img_159.jpg
BET,img_16.jpg
BET,img_160.jpg
BET,img_161.jpg
BET,img_162.jpg
BET,img_163.jpg
BET,img_164.jpg
BET,img_165.jpg
BET,img_166.jpg
BET,img_167.jpg
BET,img_168.jpg
BET,img_169.jpg
BET,img_17.jpg
BET,img_170.jpg
BET,img_171.jpg
BET,img_172.jpg
BET,img_173.jpg
BET,img_174.jpg
BET,img_175.jpg
BET,img_176.jpg
BET,img_177.jpg
BET,img_178.jpg
BET,img_179.jpg
BET,img_18.jpg
BET,img_180.jpg
BET,img_181.jpg
BET,img_182.jpg
BET,img_183.jpg
BET,img_184.jpg
BET,img_185.jpg
BET,img_186.jpg
BET,img_187.jpg
BET,img_188.jpg
BET,img_189.jpg
BET,img_19.jpg
BET,img_190.jpg
BET,img_191.jpg
BET,img_192.jpg
BET,img_193.jpg
BET,img_194.jpg
BET,img_195.jpg
BET,img_196.jpg
BET,img_197.jpg
BET,img_198.jpg
BET,img_199.jpg
BET,img_2.jpg
BET,img_20.jpg
BET,img_200.jpg
BET,img_201.jpg
BET,img_202.jpg
BET,img_203.jpg
BET,img_204.jpg
BET,img_205.jpg
BET,img_206.jpg
BET,img_207.jpg
BET,img_208.jpg
BET,img_209.jpg
BET,img_21.jpg
BET,img_210.jpg
BET,img_211.jpg
BET,img_212.jpg
BET,img_213.jpg
BET,img_214.jpg
BET,img_215.jpg
BET,img_216.jpg
BET,img_217.jpg
BET,img_218.jpg
BET,img_219.jpg
BET,img_22.jpg
BET,img_220.jpg
BET,img_221.jpg
BET,img_222.jpg
BET,img_223.jpg
BET,img_224.jpg
BET,img_225.jpg
BET,img_226.jpg
BET,img_227.jpg
BET,img_228.jpg
BET,img_229.jpg
BET,img_23.jpg
BET,img_230.jpg
BET,img_231.jpg
BET,img_232.jpg
BET,img_233.jpg
BET,img_234.jpg
BET,img_235.jpg
BET,img_236.jpg
BET,img_237.jpg
BET,img_238.jpg
BET,img_239.jpg
BET,img_24.jpg
BET,img_240.jpg
BET,img_241.jpg
BET,img_242.jpg
BET,img_243.jpg
BET,img_244.jpg
BET,img_245.jpg
BET,img_246.jpg
BET,img_247.jpg
BET,img_248.jpg
BET,img_249.jpg
BET,img_25.jpg
BET,img_250.jpg
BET,img_251.jpg
BET,img_252.jpg
BET,img_253.jpg
BET,img_254.jpg
BET,img_255.jpg
BET,img_256.jpg
BET,img_257.jpg
BET,img_258.jpg
BET,img_259.jpg
BET,img_26.jpg
BET,img_260.jpg
BET,img_261.jpg
BET,img_262.jpg
BET,img_263.jpg
BET,img_264.jpg
BET,img_265.jpg
BET,img_266.jpg
BET,img_267.jpg
BET,img_268.jpg
BET,img_269.jpg
BET,img_27.jpg
BET,img_270.jpg
BET,img_271.jpg
BET,img_272.jpg
BET,img_273.jpg
BET,img_274.jpg
BET,img_275.jpg
BET,img_276.jpg
BET,img_277.jpg
BET,img_278.jpg
BET,img_279.jpg
BET,img_28.jpg
BET,img_280.jpg
BET,img_281.jpg
BET,img_282.jpg
BET,img_283.jpg
BET,img_284.jpg
BET,img_285.jpg
BET,img_286.jpg
BET,img_287.jpg
BET,img_288.jpg
BET,img_289.jpg
BET,img_29.jpg
BET,img_290.jpg
BET,img_291.jpg
BET,img_292.jpg
BET,img_293.jpg
BET,img_294.jpg
BET,img_295.jpg
BET,img_296.jpg
BET,img_297.jpg
BET,img_298.jpg
BET,img_299.jpg
BET,img_3.jpg
BET,img_30.jpg
BET,img_300.jpg
BET,img_301.jpg
BET,img_302.jpg
BET,img_303.jpg
BET,img_304.jpg
BET,img_305.jpg
BET,img_306.jpg
BET,img_31.jpg
BET,img_32.jpg
BET,img_33.jpg
BET,img_34.jpg
BET,img_35.jpg
BET,img_36.jpg
BET,img_37.jpg
BET,img_38.jpg
BET,img_39.jpg
BET,img_4.jpg
BET,img_40.jpg
BET,img_41.jpg
BET,img_42.jpg
BET,img_43.jpg
BET,img_44.jpg
BET,img_45.jpg
BET,img_46.jpg
BET,img_47.jpg
BET,img_48.jpg
BET,img_49.jpg
BET,img_5.jpg
BET,img_50.jpg
BET,img_51.jpg
BET,img_52.jpg
BET,img_53.jpg
BET,img_54.jpg
BET,img_55.jpg
BET,img_56.jpg
BET,img_57.jpg
BET,img_58.jpg
BET,img_59.jpg
BET,img_6.jpg
BET,img_60.jpg
BET,img_61.jpg
BET,img_62.jpg
BET,img_63.jpg
BET,img_64.jpg
BET,img_65.jpg
BET,img_66.jpg
BET,img_67.jpg
BET,img_68.jpg
BET,img_69.jpg
BET,img_7.jpg
BET,img_70.jpg
BET,img_71.jpg
BET,img_72.jpg
BET,img_73.jpg
BET,img_74.jpg
BET,img_75.jpg
BET,img_76.jpg
BET,img_77.jpg
BET,img_78.jpg
BET,img_79.jpg
BET,img_8.jpg
BET,img_80.jpg
BET,img_81.jpg
BET,img_82.jpg
BET,img_83.jpg
BET,img_84.jpg
BET,img_85.jpg
BET,img_86.jpg
BET,img_87.jpg
BET,img_88.jpg
BET,img_89.jpg
BET,img_9.jpg
BET,img_90.jpg
BET,img_91.jpg
BET,img_92.jpg
BET,img_93.jpg
BET,img_94.jpg
BET,img_95.jpg
BET,img_96.jpg
BET,img_97.jpg
BET,img_98.jpg
BET,img_99.jpg
DOL,img_1.jpg
DOL,img_10.jpg
DOL,img_100.jpg
DOL,img_101.jpg
DOL,img_102.jpg
DOL,img_103.jpg
DOL,img_104.jpg
DOL,img_105.jpg
DOL,img_106.jpg
DOL,img_107.jpg
DOL,img_108.jpg
DOL,img_109.jpg
DOL,img_11.jpg
DOL,img_110.jpg
DOL,img_111.jpg
DOL,img_112.jpg
DOL,img_113.jpg
DOL,img_114.jpg
DOL,img_115.jpg
DOL,img_116.jpg
DOL,img_117.jpg
DOL,img_118.jpg
DOL,img_119.jpg
DOL,img_12.jpg
DOL,img_120.jpg
DOL,img_121.jpg
DOL,img_122.jpg
DOL,img_123.jpg
DOL,img_124.jpg
DOL,img_125.jpg
DOL,img_126.jpg
DOL,img_127.jpg
DOL,img_128.jpg
DOL,img_13.jpg
DOL,img_14.jpg
DOL,img_15.jpg
DOL,img_16.jpg
DOL,img_17.jpg
DOL,img_18.jpg
DOL,img_19.jpg
DOL,img_2.jpg
DOL,img_20.jpg
DOL,img_21.jpg
DOL,img_22.jpg
DOL,img_23.jpg
DOL,img_24.jpg
DOL,img_25.jpg
DOL,img_26.jpg
DOL,img_27.jpg
DOL,img_28.jpg
DOL,img_29.jpg
DOL,img_3.jpg
DOL,img_30.jpg
DOL,img_31.jpg
DOL,img_32.jpg
DOL,img_33.jpg
DOL,img_34.jpg
DOL,img_35.jpg
DOL,img_36.jpg
DOL,img_37.jpg
DOL,img_38.jpg
DOL,img_39.jpg
DOL,img_4.jpg
DOL,img_40.jpg
DOL,img_41.jpg
DOL,img_42.jpg
DOL,img_43.jpg
DOL,img_44.jpg
DOL,img_45.jpg
DOL,img_46.jpg
DOL,img_47.jpg
DOL,img_48.jpg
DOL,img_49.jpg
DOL,img_5.jpg
DOL,img_50.jpg
DOL,img_51.jpg
DOL,img_52.jpg
DOL,img_53.jpg
DOL,img_54.jpg
DOL,img_55.jpg
DOL,img_56.jpg
DOL,img_57.jpg
DOL,img_58.jpg
DOL,img_59.jpg
DOL,img_6.jpg
DOL,img_60.jpg
DOL,img_61.jpg
DOL,img_62.jpg
DOL,img_63.jpg
DOL,img_64.jpg
DOL,img_65.jpg
DOL,img_66.jpg
DOL,img_67.jpg
DOL,img_68.jpg
DOL,img_69.jpg
DOL,img_7.jpg
DOL,img_70.jpg
DOL,img_71.jpg
DOL,img_72.jpg
DOL,img_73.jpg
DOL,img_74.jpg
DOL,img_75.jpg
DOL,img_76.jpg
DOL,img_77.jpg
DOL,img_78.jpg
DOL,img_79.jpg
DOL,img_8.jpg
DOL,img_80.jpg
DOL,img_81.jpg
DOL,img_82.jpg
DOL,img_83.jpg
DOL,img_84.jpg
DOL,img_85.jpg
DOL,img_86.jpg
DOL,img_87.jpg
DOL,img_88.jpg
DOL,img_89.jpg
DOL,img_9.jpg
DOL,img_90.jpg
DOL,img_91.jpg
DOL,img_92.jpg
DOL,img_93.jpg
DOL,img_94.jpg
DOL,img_95.jpg
DOL,img_96.jpg
DOL,img_97.jpg
DOL,img_98.jpg
DOL,img_99.jpg
LAG,img_1.jpg
LAG,img_10.jpg
LAG,img_100.jpg
LAG,img_11.jpg
LAG,img_12.jpg
LAG,img_13.jpg
LAG,img_14.jpg
LAG,img_15.jpg
LAG,img_16.jpg
LAG,img_17.jpg
LAG,img_18.jpg
LAG,img_19.jpg
LAG,img_2.jpg
LAG,img_20.jpg
LAG,img_21.jpg
LAG,img_22.jpg
LAG,img_23.jpg
LAG,img_24.jpg
LAG,img_25.jpg
LAG,img_26.jpg
LAG,img_27.jpg
LAG,img_28.jpg
LAG,img_29.jpg
LAG,img_3.jpg
LAG,img_30.jpg
LAG,img_31.jpg
LAG,img_32.jpg
LAG,img_33.jpg
LAG,img_34.jpg
LAG,img_35.jpg
LAG,img_36.jpg
LAG,img_37.jpg
LAG,img_38.jpg
LAG,img_39.jpg
LAG,img_4.jpg
LAG,img_40.jpg
LAG,img_41.jpg
LAG,img_42.jpg
LAG,img_43.jpg
LAG,img_44.jpg
LAG,img_45.jpg
LAG,img_46.jpg
LAG,img_47.jpg
LAG,img_48.jpg
LAG,img_49.jpg
LAG,img_5.jpg
LAG,img_50.jpg
LAG,img_51.jpg
LAG,img_52.jpg
LAG,img_53.jpg
LAG,img_54.jpg
LAG,img_55.jpg
LAG,img_56.jpg
LAG,img_57.jpg
LAG,img_58.jpg
LAG,img_59.jpg
LAG,img_6.jpg
LAG,img_60.jpg
LAG,img_61.jpg
LAG,img_62.jpg
LAG,img_63.jpg
LAG,img_64.jpg
LAG,img_65.jpg
LAG,img_66.jpg
LAG,img_67.jpg
LAG,img_68.jpg
LAG,img_69.jpg
LAG,img_7.jpg
LAG,img_70.jpg
LAG,img_71.jpg
LAG,img_72.jpg
LAG,img_73.jpg
LAG,img_74.jpg
LAG,img_75.jpg
LAG,img_76.jpg
LAG,img_77.jpg
LAG,img_78.jpg
LAG,img_79.jpg
LAG,img_8.jpg
LAG,img_80.jpg
LAG,img_81.jpg
LAG,img_82.jpg
LAG,img_83.jpg
LAG,img_84.jpg
LAG,img_85.jpg
LAG,img_86.jpg
LAG,img_87.jpg
LAG,img_88.jpg
LAG,img_89.jpg
LAG,img_9.jpg
LAG,img_90.jpg
LAG,img_91.jpg
LAG,img_92.jpg
LAG,img_93.jpg
LAG,img_94.jpg
LAG,img_95.jpg
LAG,img_96.jpg
LAG,img_97.jpg
LAG,img_98.jpg
LAG,img_99.jpg
NoF,img_00008.jpg
NoF,img_00011.jpg
NoF,img_00022.jpg
NoF,img_00028.jpg
NoF,img_00062.jpg
NoF,img_00068.jpg
NoF,img_00076.jpg
NoF,img_00084.jpg
NoF,img_00089.jpg
NoF,img_00094.jpg
NoF,img_00099.jpg
NoF,img_00105.jpg
NoF,img_00122.jpg
NoF,img_00131.jpg
NoF,img_00135.jpg
NoF,img_00143.jpg
NoF,img_00146.jpg
NoF,img_00178.jpg
NoF,img_00210.jpg
NoF,img_00243.jpg
NoF,img_00251.jpg
NoF,img_00266.jpg
NoF,img_00271.jpg
NoF,img_00303.jpg
NoF,img_00306.jpg
NoF,img_00307.jpg
NoF,img_00315.jpg
NoF,img_00318.jpg
NoF,img_00326.jpg
NoF,img_00339.jpg
NoF,img_00354.jpg
NoF,img_00360.jpg
NoF,img_00367.jpg
NoF,img_00377.jpg
NoF,img_00387.jpg
NoF,img_00390.jpg
NoF,img_00400.jpg
NoF,img_00406.jpg
NoF,img_00413.jpg
NoF,img_00419.jpg
NoF,img_00428.jpg
NoF,img_00456.jpg
NoF,img_00471.jpg
NoF,img_00481.jpg
NoF,img_00494.jpg
NoF,img_00504.jpg
NoF,img_00512.jpg
NoF,img_00516.jpg
NoF,img_00529.jpg
NoF,img_00553.jpg
NoF,img_00585.jpg
NoF,img_00586.jpg
NoF,img_00609.jpg
NoF,img_00615.jpg
NoF,img_00616.jpg
NoF,img_00645.jpg
NoF,img_00651.jpg
NoF,img_00658.jpg
NoF,img_00673.jpg
NoF,img_00681.jpg
NoF,img_00720.jpg
NoF,img_00725.jpg
NoF,img_00748.jpg
NoF,img_00766.jpg
NoF,img_00818.jpg
NoF,img_00819.jpg
NoF,img_00826.jpg
NoF,img_00847.jpg
NoF,img_00849.jpg
NoF,img_00887.jpg
NoF,img_00904.jpg
NoF,img_00910.jpg
NoF,img_00926.jpg
NoF,img_00949.jpg
NoF,img_00981.jpg
NoF,img_01005.jpg
NoF,img_01013.jpg
NoF,img_01017.jpg
NoF,img_01020.jpg
NoF,img_01024.jpg
NoF,img_01039.jpg
NoF,img_01040.jpg
NoF,img_01052.jpg
NoF,img_01071.jpg
NoF,img_01094.jpg
NoF,img_01097.jpg
NoF,img_01120.jpg
NoF,img_01135.jpg
NoF,img_01151.jpg
NoF,img_01155.jpg
NoF,img_01165.jpg
NoF,img_01193.jpg
NoF,img_01203.jpg
NoF,img_01219.jpg
NoF,img_01297.jpg
NoF,img_01303.jpg
NoF,img_01305.jpg
NoF,img_01382.jpg
NoF,img_01383.jpg
NoF,img_01411.jpg
NoF,img_01419.jpg
NoF,img_01421.jpg
NoF,img_01424.jpg
NoF,img_01459.jpg
NoF,img_01461.jpg
NoF,img_01463.jpg
NoF,img_01475.jpg
NoF,img_01497.jpg
NoF,img_01499.jpg
NoF,img_01504.jpg
NoF,img_01525.jpg
NoF,img_01560.jpg
NoF,img_01568.jpg
NoF,img_01579.jpg
NoF,img_01583.jpg
NoF,img_01588.jpg
NoF,img_01626.jpg
NoF,img_01667.jpg
NoF,img_01677.jpg
NoF,img_01701.jpg
NoF,img_01710.jpg
NoF,img_01714.jpg
NoF,img_01737.jpg
NoF,img_01775.jpg
NoF,img_01787.jpg
NoF,img_01892.jpg
NoF,img_01906.jpg
NoF,img_01922.jpg
NoF,img_01925.jpg
NoF,img_01927.jpg
NoF,img_01989.jpg
NoF,img_02013.jpg
NoF,img_02015.jpg
NoF,img_02017.jpg
NoF,img_02033.jpg
NoF,img_02044.jpg
NoF,img_02102.jpg
NoF,img_02105.jpg
NoF,img_02158.jpg
NoF,img_02164.jpg
NoF,img_02232.jpg
NoF,img_02272.jpg
NoF,img_02301.jpg
NoF,img_02302.jpg
NoF,img_02316.jpg
NoF,img_02323.jpg
NoF,img_02325.jpg
NoF,img_02329.jpg
NoF,img_02345.jpg
NoF,img_02357.jpg
NoF,img_02366.jpg
NoF,img_02381.jpg
NoF,img_02394.jpg
NoF,img_02431.jpg
NoF,img_02435.jpg
NoF,img_02439.jpg
NoF,img_02441.jpg
NoF,img_02460.jpg
NoF,img_02461.jpg
NoF,img_02524.jpg
NoF,img_02534.jpg
NoF,img_02548.jpg
NoF,img_02564.jpg
NoF,img_02621.jpg
NoF,img_02650.jpg
NoF,img_02653.jpg
NoF,img_02685.jpg
NoF,img_02716.jpg
NoF,img_02717.jpg
NoF,img_02731.jpg
NoF,img_02751.jpg
NoF,img_02786.jpg
NoF,img_02805.jpg
NoF,img_02822.jpg
NoF,img_02829.jpg
NoF,img_02843.jpg
NoF,img_02870.jpg
NoF,img_02873.jpg
NoF,img_02879.jpg
NoF,img_02893.jpg
NoF,img_02907.jpg
NoF,img_02908.jpg
NoF,img_02930.jpg
NoF,img_02970.jpg
NoF,img_02997.jpg
NoF,img_03000.jpg
NoF,img_03002.jpg
NoF,img_03009.jpg
NoF,img_03020.jpg
NoF,img_03025.jpg
NoF,img_03029.jpg
NoF,img_03048.jpg
NoF,img_03059.jpg
NoF,img_03091.jpg
NoF,img_03113.jpg
NoF,img_03158.jpg
NoF,img_03173.jpg
NoF,img_03174.jpg
NoF,img_03186.jpg
NoF,img_03187.jpg
NoF,img_03194.jpg
NoF,img_03206.jpg
NoF,img_03221.jpg
NoF,img_03240.jpg
NoF,img_03257.jpg
NoF,img_03271.jpg
NoF,img_03302.jpg
NoF,img_03318.jpg
NoF,img_03330.jpg
NoF,img_03331.jpg
NoF,img_03332.jpg
NoF,img_03336.jpg
NoF,img_03337.jpg
NoF,img_03343.jpg
NoF,img_03359.jpg
NoF,img_03386.jpg
NoF,img_03404.jpg
NoF,img_03423.jpg
NoF,img_03434.jpg
NoF,img_03489.jpg
NoF,img_03494.jpg
NoF,img_03506.jpg
NoF,img_03519.jpg
NoF,img_03528.jpg
NoF,img_03531.jpg
NoF,img_03536.jpg
NoF,img_03542.jpg
NoF,img_03555.jpg
NoF,img_03582.jpg
NoF,img_03583.jpg
NoF,img_03640.jpg
NoF,img_03643.jpg
NoF,img_03672.jpg
NoF,img_03678.jpg
NoF,img_03691.jpg
NoF,img_03752.jpg
NoF,img_03757.jpg
NoF,img_03765.jpg
NoF,img_03768.jpg
NoF,img_03783.jpg
NoF,img_03789.jpg
NoF,img_03796.jpg
NoF,img_03806.jpg
NoF,img_03826.jpg
NoF,img_03849.jpg
NoF,img_03850.jpg
NoF,img_03883.jpg
NoF,img_03887.jpg
NoF,img_03893.jpg
NoF,img_03908.jpg
NoF,img_03916.jpg
NoF,img_03933.jpg
NoF,img_03949.jpg
NoF,img_03955.jpg
NoF,img_03959.jpg
NoF,img_03972.jpg
NoF,img_04009.jpg
NoF,img_04045.jpg
NoF,img_04052.jpg
NoF,img_04063.jpg
NoF,img_04071.jpg
NoF,img_04106.jpg
NoF,img_04139.jpg
NoF,img_04151.jpg
NoF,img_04162.jpg
NoF,img_04166.jpg
NoF,img_04168.jpg
NoF,img_04178.jpg
NoF,img_04182.jpg
NoF,img_04188.jpg
NoF,img_04197.jpg
NoF,img_04200.jpg
NoF,img_04216.jpg
NoF,img_04228.jpg
NoF,img_04351.jpg
NoF,img_04365.jpg
NoF,img_04383.jpg
NoF,img_04395.jpg
NoF,img_04430.jpg
NoF,img_04457.jpg
NoF,img_04458.jpg
NoF,img_04462.jpg
NoF,img_04475.jpg
NoF,img_04486.jpg
NoF,img_04493.jpg
NoF,img_04501.jpg
NoF,img_04506.jpg
NoF,img_04509.jpg
NoF,img_04538.jpg
NoF,img_04544.jpg
NoF,img_04590.jpg
NoF,img_04596.jpg
NoF,img_04605.jpg
NoF,img_04615.jpg
NoF,img_04616.jpg
NoF,img_04621.jpg
NoF,img_04623.jpg
NoF,img_04644.jpg
NoF,img_04645.jpg
NoF,img_04674.jpg
NoF,img_04686.jpg
NoF,img_04703.jpg
NoF,img_04770.jpg
NoF,img_04785.jpg
NoF,img_04793.jpg
NoF,img_04828.jpg
NoF,img_04840.jpg
NoF,img_04842.jpg
NoF,img_04847.jpg
NoF,img_04866.jpg
NoF,img_04886.jpg
NoF,img_04889.jpg
NoF,img_04906.jpg
NoF,img_04916.jpg
NoF,img_04941.jpg
NoF,img_04956.jpg
NoF,img_04971.jpg
NoF,img_05012.jpg
NoF,img_05050.jpg
NoF,img_05073.jpg
NoF,img_05115.jpg
NoF,img_05130.jpg
NoF,img_05178.jpg
NoF,img_05190.jpg
NoF,img_05254.jpg
NoF,img_05256.jpg
NoF,img_05319.jpg
NoF,img_05325.jpg
NoF,img_05352.jpg
NoF,img_05360.jpg
NoF,img_05398.jpg
NoF,img_05455.jpg
NoF,img_05456.jpg
NoF,img_05461.jpg
NoF,img_05466.jpg
NoF,img_05474.jpg
NoF,img_05503.jpg
NoF,img_05534.jpg
NoF,img_05535.jpg
NoF,img_05542.jpg
NoF,img_05594.jpg
NoF,img_05625.jpg
NoF,img_05636.jpg
NoF,img_05666.jpg
NoF,img_05716.jpg
NoF,img_05733.jpg
NoF,img_05800.jpg
NoF,img_05814.jpg
NoF,img_05855.jpg
NoF,img_05865.jpg
NoF,img_05866.jpg
NoF,img_05875.jpg
NoF,img_05880.jpg
NoF,img_05891.jpg
NoF,img_05928.jpg
NoF,img_05936.jpg
NoF,img_05957.jpg
NoF,img_05984.jpg
NoF,img_05993.jpg
NoF,img_05998.jpg
NoF,img_06007.jpg
NoF,img_06031.jpg
NoF,img_06047.jpg
NoF,img_06050.jpg
NoF,img_06051.jpg
NoF,img_06081.jpg
NoF,img_06083.jpg
NoF,img_06116.jpg
NoF,img_06120.jpg
NoF,img_06130.jpg
NoF,img_06172.jpg
NoF,img_06178.jpg
NoF,img_06179.jpg
NoF,img_06212.jpg
NoF,img_06222.jpg
NoF,img_06240.jpg
NoF,img_06248.jpg
NoF,img_06256.jpg
NoF,img_06264.jpg
NoF,img_06266.jpg
NoF,img_06309.jpg
NoF,img_06322.jpg
NoF,img_06329.jpg
NoF,img_06366.jpg
NoF,img_06375.jpg
NoF,img_06398.jpg
NoF,img_06402.jpg
NoF,img_06451.jpg
NoF,img_06476.jpg
NoF,img_06478.jpg
NoF,img_06494.jpg
NoF,img_06495.jpg
NoF,img_06499.jpg
NoF,img_06515.jpg
NoF,img_06572.jpg
NoF,img_06596.jpg
NoF,img_06601.jpg
NoF,img_06610.jpg
NoF,img_06628.jpg
NoF,img_06675.jpg
NoF,img_06742.jpg
NoF,img_06750.jpg
NoF,img_06792.jpg
NoF,img_06801.jpg
NoF,img_06803.jpg
NoF,img_06816.jpg
NoF,img_06839.jpg
NoF,img_06871.jpg
NoF,img_06874.jpg
NoF,img_06889.jpg
NoF,img_06908.jpg
NoF,img_06910.jpg
NoF,img_06940.jpg
NoF,img_06951.jpg
NoF,img_06953.jpg
NoF,img_06969.jpg
NoF,img_06996.jpg
NoF,img_07058.jpg
NoF,img_07100.jpg
NoF,img_07102.jpg
NoF,img_07115.jpg
NoF,img_07121.jpg
NoF,img_07123.jpg
NoF,img_07129.jpg
NoF,img_07132.jpg
NoF,img_07198.jpg
NoF,img_07258.jpg
NoF,img_07268.jpg
NoF,img_07274.jpg
NoF,img_07339.jpg
NoF,img_07351.jpg
NoF,img_07353.jpg
NoF,img_07362.jpg
NoF,img_07364.jpg
NoF,img_07379.jpg
NoF,img_07408.jpg
NoF,img_07411.jpg
NoF,img_07464.jpg
NoF,img_07496.jpg
NoF,img_07500.jpg
NoF,img_07512.jpg
NoF,img_07544.jpg
NoF,img_07584.jpg
NoF,img_07597.jpg
NoF,img_07598.jpg
NoF,img_07601.jpg
NoF,img_07631.jpg
NoF,img_07641.jpg
NoF,img_07660.jpg
NoF,img_07673.jpg
NoF,img_07674.jpg
NoF,img_07679.jpg
NoF,img_07687.jpg
NoF,img_07711.jpg
NoF,img_07724.jpg
NoF,img_07758.jpg
NoF,img_07808.jpg
NoF,img_07812.jpg
NoF,img_07837.jpg
NoF,img_07847.jpg
NoF,img_07861.jpg
NoF,img_07881.jpg
NoF,img_07886.jpg
NoF,img_07902.jpg
NoF,img_07918.jpg
OTHER,img_1.jpg
OTHER,img_10.jpg
OTHER,img_100.jpg
OTHER,img_101.jpg
OTHER,img_102.jpg
OTHER,img_103.jpg
OTHER,img_104.jpg
OTHER,img_105.jpg
OTHER,img_106.jpg
OTHER,img_107.jpg
OTHER,img_108.jpg
OTHER,img_109.jpg
OTHER,img_11.jpg
OTHER,img_110.jpg
OTHER,img_111.jpg
OTHER,img_112.jpg
OTHER,img_113.jpg
OTHER,img_114.jpg
OTHER,img_115.jpg
OTHER,img_116.jpg
OTHER,img_117.jpg
OTHER,img_118.jpg
OTHER,img_119.jpg
OTHER,img_12.jpg
OTHER,img_120.jpg
OTHER,img_121.jpg
OTHER,img_122.jpg
OTHER,img_123.jpg
OTHER,img_124.jpg
OTHER,img_125.jpg
OTHER,img_126.jpg
OTHER,img_127.jpg
OTHER,img_128.jpg
OTHER,img_129.jpg
OTHER,img_13.jpg
OTHER,img_130.jpg
OTHER,img_131.jpg
OTHER,img_132.jpg
OTHER,img_133.jpg
OTHER,img_134.jpg
OTHER,img_135.jpg
OTHER,img_136.jpg
OTHER,img_137.jpg
OTHER,img_138.jpg
OTHER,img_139.jpg
OTHER,img_14.jpg
OTHER,img_140.jpg
OTHER,img_141.jpg
OTHER,img_142.jpg
OTHER,img_143.jpg
OTHER,img_144.jpg
OTHER,img_145.jpg
OTHER,img_146.jpg
OTHER,img_147.jpg
OTHER,img_148.jpg
OTHER,img_149.jpg
OTHER,img_15.jpg
OTHER,img_150.jpg
OTHER,img_151.jpg
OTHER,img_152.jpg
OTHER,img_153.jpg
OTHER,img_154.jpg
OTHER,img_155.jpg
OTHER,img_156.jpg
OTHER,img_157.jpg
OTHER,img_158.jpg
OTHER,img_159.jpg
OTHER,img_16.jpg
OTHER,img_160.jpg
OTHER,img_161.jpg
OTHER,img_162.jpg
OTHER,img_163.jpg
OTHER,img_164.jpg
OTHER,img_165.jpg
OTHER,img_166.jpg
OTHER,img_167.jpg
OTHER,img_168.jpg
OTHER,img_169.jpg
OTHER,img_17.jpg
OTHER,img_170.jpg
OTHER,img_171.jpg
OTHER,img_172.jpg
OTHER,img_173.jpg
OTHER,img_174.jpg
OTHER,img_175.jpg
OTHER,img_176.jpg
OTHER,img_177.jpg
OTHER,img_178.jpg
OTHER,img_179.jpg
OTHER,img_18.jpg
OTHER,img_180.jpg
OTHER,img_181.jpg
OTHER,img_182.jpg
OTHER,img_183.jpg
OTHER,img_184.jpg
OTHER,img_185.jpg
OTHER,img_186.jpg
OTHER,img_187.jpg
OTHER,img_188.jpg
OTHER,img_189.jpg
OTHER,img_19.jpg
OTHER,img_190.jpg
OTHER,img_191.jpg
OTHER,img_192.jpg
OTHER,img_193.jpg
OTHER,img_194.jpg
OTHER,img_195.jpg
OTHER,img_196.jpg
OTHER,img_197.jpg
OTHER,img_198.jpg
OTHER,img_199.jpg
OTHER,img_2.jpg
OTHER,img_20.jpg
OTHER,img_200.jpg
OTHER,img_201.jpg
OTHER,img_202.jpg
OTHER,img_203.jpg
OTHER,img_204.jpg
OTHER,img_205.jpg
OTHER,img_206.jpg
OTHER,img_207.jpg
OTHER,img_208.jpg
OTHER,img_209.jpg
OTHER,img_21.jpg
OTHER,img_210.jpg
OTHER,img_211.jpg
OTHER,img_212.jpg
OTHER,img_213.jpg
OTHER,img_214.jpg
OTHER,img_215.jpg
OTHER,img_216.jpg
OTHER,img_217.jpg
OTHER,img_218.jpg
OTHER,img_219.jpg
OTHER,img_22.jpg
OTHER,img_220.jpg
OTHER,img_221.jpg
OTHER,img_222.jpg
OTHER,img_223.jpg
OTHER,img_224.jpg
OTHER,img_225.jpg
OTHER,img_226.jpg
OTHER,img_227.jpg
OTHER,img_228.jpg
OTHER,img_229.jpg
OTHER,img_23.jpg
OTHER,img_230.jpg
OTHER,img_231.jpg
OTHER,img_232.jpg
OTHER,img_233.jpg
OTHER,img_234.jpg
OTHER,img_235.jpg
OTHER,img_236.jpg
OTHER,img_237.jpg
OTHER,img_238.jpg
OTHER,img_239.jpg
OTHER,img_24.jpg
OTHER,img_240.jpg
OTHER,img_241.jpg
OTHER,img_242.jpg
OTHER,img_243.jpg
OTHER,img_244.jpg
OTHER,img_245.jpg
OTHER,img_246.jpg
OTHER,img_247.jpg
OTHER,img_248.jpg
OTHER,img_249.jpg
OTHER,img_25.jpg
OTHER,img_250.jpg
OTHER,img_251.jpg
OTHER,img_252.jpg
OTHER,img_253.jpg
OTHER,img_254.jpg
OTHER,img_255.jpg
OTHER,img_256.jpg
OTHER,img_257.jpg
OTHER,img_258.jpg
OTHER,img_259.jpg
OTHER,img_26.jpg
OTHER,img_260.jpg
OTHER,img_261.jpg
OTHER,img_262.jpg
OTHER,img_263.jpg
OTHER,img_264.jpg
OTHER,img_265.jpg
OTHER,img_266.jpg
OTHER,img_267.jpg
OTHER,img_268.jpg
OTHER,img_269.jpg
OTHER,img_27.jpg
OTHER,img_270.jpg
OTHER,img_271.jpg
OTHER,img_272.jpg
OTHER,img_273.jpg
OTHER,img_274.jpg
OTHER,img_275.jpg
OTHER,img_276.jpg
OTHER,img_277.jpg
OTHER,img_278.jpg
OTHER,img_279.jpg
OTHER,img_28.jpg
OTHER,img_280.jpg
OTHER,img_281.jpg
OTHER,img_282.jpg
OTHER,img_283.jpg
OTHER,img_284.jpg
OTHER,img_285.jpg
OTHER,img_286.jpg
OTHER,img_287.jpg
OTHER,img_288.jpg
OTHER,img_289.jpg
OTHER,img_29.jpg
OTHER,img_290.jpg
OTHER,img_291.jpg
OTHER,img_292.jpg
OTHER,img_293.jpg
OTHER,img_294.jpg
OTHER,img_295.jpg
OTHER,img_296.jpg
OTHER,img_297.jpg
OTHER,img_298.jpg
OTHER,img_299.jpg
OTHER,img_3.jpg
OTHER,img_30.jpg
OTHER,img_300.jpg
OTHER,img_301.jpg
OTHER,img_302.jpg
OTHER,img_303.jpg
OTHER,img_304.jpg
OTHER,img_305.jpg
OTHER,img_306.jpg
OTHER,img_307.jpg
OTHER,img_308.jpg
OTHER,img_309.jpg
OTHER,img_31.jpg
OTHER,img_310.jpg
OTHER,img_311.jpg
OTHER,img_312.jpg
OTHER,img_313.jpg
OTHER,img_314.jpg
OTHER,img_315.jpg
OTHER,img_316.jpg
OTHER,img_317.jpg
OTHER,img_318.jpg
OTHER,img_319.jpg
OTHER,img_32.jpg
OTHER,img_320.jpg
OTHER,img_321.jpg
OTHER,img_322.jpg
OTHER,img_323.jpg
OTHER,img_324.jpg
OTHER,img_325.jpg
OTHER,img_326.jpg
OTHER,img_327.jpg
OTHER,img_328.jpg
OTHER,img_329.jpg
OTHER,img_33.jpg
OTHER,img_330.jpg
OTHER,img_331.jpg
OTHER,img_332.jpg
OTHER,img_333.jpg
OTHER,img_34.jpg
OTHER,img_35.jpg
OTHER,img_36.jpg
OTHER,img_37.jpg
OTHER,img_38.jpg
OTHER,img_39.jpg
OTHER,img_4.jpg
OTHER,img_40.jpg
OTHER,img_41.jpg
OTHER,img_42.jpg
OTHER,img_43.jpg
OTHER,img_44.jpg
OTHER,img_45.jpg
OTHER,img_46.jpg
OTHER,img_47.jpg
OTHER,img_48.jpg
OTHER,img_49.jpg
OTHER,img_5.jpg
OTHER,img_50.jpg
OTHER,img_51.jpg
OTHER,img_52.jpg
OTHER,img_53.jpg
OTHER,img_54.jpg
OTHER,img_55.jpg
OTHER,img_56.jpg
OTHER,img_57.jpg
OTHER,img_58.jpg
OTHER,img_59.jpg
OTHER,img_6.jpg
OTHER,img_60.jpg
OTHER,img_61.jpg
OTHER,img_62.jpg
OTHER,img_63.jpg
OTHER,img_64.jpg
OTHER,img_65.jpg
OTHER,img_66.jpg
OTHER,img_67.jpg
OTHER,img_68.jpg
OTHER,img_69.jpg
OTHER,img_7.jpg
OTHER,img_70.jpg
OTHER,img_71.jpg
OTHER,img_72.jpg
OTHER,img_73.jpg
OTHER,img_74.jpg
OTHER,img_75.jpg
OTHER,img_76.jpg
OTHER,img_77.jpg
OTHER,img_78.jpg
OTHER,img_79.jpg
OTHER,img_8.jpg
OTHER,img_80.jpg
OTHER,img_81.jpg
OTHER,img_82.jpg
OTHER,img_83.jpg
OTHER,img_84.jpg
OTHER,img_85.jpg
OTHER,img_86.jpg
OTHER,img_87.jpg
OTHER,img_88.jpg
OTHER,img_89.jpg
OTHER,img_9.jpg
OTHER,img_90.jpg
OTHER,img_91.jpg
OTHER,img_92.jpg
OTHER,img_93.jpg
OTHER,img_94.jpg
OTHER,img_95.jpg
OTHER,img_96.jpg
OTHER,img_97.jpg
OTHER,img_98.jpg
OTHER,img_99.jpg
SHARK,img_1.jpg
SHARK,img_10.jpg
SHARK,img_100.jpg
SHARK,img_101.jpg
SHARK,img_102.jpg
SHARK,img_103.jpg
SHARK,img_104.jpg
SHARK,img_105.jpg
SHARK,img_106.jpg
SHARK,img_107.jpg
SHARK,img_108.jpg
SHARK,img_109.jpg
SHARK,img_11.jpg
SHARK,img_110.jpg
SHARK,img_111.jpg
SHARK,img_112.jpg
SHARK,img_113.jpg
SHARK,img_114.jpg
SHARK,img_115.jpg
SHARK,img_116.jpg
SHARK,img_117.jpg
SHARK,img_118.jpg
SHARK,img_119.jpg
SHARK,img_12.jpg
SHARK,img_120.jpg
SHARK,img_121.jpg
SHARK,img_122.jpg
SHARK,img_123.jpg
SHARK,img_124.jpg
SHARK,img_125.jpg
SHARK,img_126.jpg
SHARK,img_127.jpg
SHARK,img_128.jpg
SHARK,img_129.jpg
SHARK,img_13.jpg
SHARK,img_130.jpg
SHARK,img_131.jpg
SHARK,img_132.jpg
SHARK,img_133.jpg
SHARK,img_134.jpg
SHARK,img_135.jpg
SHARK,img_136.jpg
SHARK,img_137.jpg
SHARK,img_138.jpg
SHARK,img_139.jpg
SHARK,img_14.jpg
SHARK,img_140.jpg
SHARK,img_141.jpg
SHARK,img_142.jpg
SHARK,img_143.jpg
SHARK,img_144.jpg
SHARK,img_145.jpg
SHARK,img_146.jpg
SHARK,img_147.jpg
SHARK,img_148.jpg
SHARK,img_149.jpg
SHARK,img_15.jpg
SHARK,img_150.jpg
SHARK,img_151.jpg
SHARK,img_152.jpg
SHARK,img_153.jpg
SHARK,img_154.jpg
SHARK,img_155.jpg
SHARK,img_156.jpg
SHARK,img_157.jpg
SHARK,img_158.jpg
SHARK,img_159.jpg
SHARK,img_16.jpg
SHARK,img_160.jpg
SHARK,img_161.jpg
SHARK,img_162.jpg
SHARK,img_163.jpg
SHARK,img_164.jpg
SHARK,img_165.jpg
SHARK,img_166.jpg
SHARK,img_167.jpg
SHARK,img_168.jpg
SHARK,img_169.jpg
SHARK,img_17.jpg
SHARK,img_170.jpg
SHARK,img_171.jpg
SHARK,img_172.jpg
SHARK,img_173.jpg
SHARK,img_174.jpg
SHARK,img_175.jpg
SHARK,img_176.jpg
SHARK,img_177.jpg
SHARK,img_178.jpg
SHARK,img_179.jpg
SHARK,img_18.jpg
SHARK,img_180.jpg
SHARK,img_181.jpg
SHARK,img_182.jpg
SHARK,img_183.jpg
SHARK,img_184.jpg
SHARK,img_185.jpg
SHARK,img_186.jpg
SHARK,img_187.jpg
SHARK,img_188.jpg
SHARK,img_189.jpg
SHARK,img_19.jpg
SHARK,img_190.jpg
SHARK,img_191.jpg
SHARK,img_192.jpg
SHARK,img_2.jpg
SHARK,img_20.jpg
SHARK,img_21.jpg
SHARK,img_22.jpg
SHARK,img_23.jpg
SHARK,img_24.jpg
SHARK,img_25.jpg
SHARK,img_26.jpg
SHARK,img_27.jpg
SHARK,img_28.jpg
SHARK,img_29.jpg
SHARK,img_3.jpg
SHARK,img_30.jpg
SHARK,img_31.jpg
SHARK,img_32.jpg
SHARK,img_33.jpg
SHARK,img_34.jpg
SHARK,img_35.jpg
SHARK,img_36.jpg
SHARK,img_37.jpg
SHARK,img_38.jpg
SHARK,img_39.jpg
SHARK,img_4.jpg
SHARK,img_40.jpg
SHARK,img_41.jpg
SHARK,img_42.jpg
SHARK,img_43.jpg
SHARK,img_44.jpg
SHARK,img_45.jpg
SHARK,img_46.jpg
SHARK,img_47.jpg
SHARK,img_48.jpg
SHARK,img_49.jpg
SHARK,img_5.jpg
SHARK,img_50.jpg
SHARK,img_51.jpg
SHARK,img_52.jpg
SHARK,img_53.jpg
SHARK,img_54.jpg
SHARK,img_55.jpg
SHARK,img_56.jpg
SHARK,img_57.jpg
SHARK,img_58.jpg
SHARK,img_59.jpg
SHARK,img_6.jpg
SHARK,img_60.jpg
SHARK,img_61.jpg
SHARK,img_62.jpg
SHARK,img_63.jpg
SHARK,img_64.jpg
SHARK,img_65.jpg
SHARK,img_66.jpg
SHARK,img_67.jpg
SHARK,img_68.jpg
SHARK,img_69.jpg
SHARK,img_7.jpg
SHARK,img_70.jpg
SHARK,img_71.jpg
SHARK,img_72.jpg
SHARK,img_73.jpg
SHARK,img_74.jpg
SHARK,img_75.jpg
SHARK,img_76.jpg
SHARK,img_77.jpg
SHARK,img_78.jpg
SHARK,img_79.jpg
SHARK,img_8.jpg
SHARK,img_80.jpg
SHARK,img_81.jpg
SHARK,img_82.jpg
SHARK,img_83.jpg
SHARK,img_84.jpg
SHARK,img_85.jpg
SHARK,img_86.jpg
SHARK,img_87.jpg
SHARK,img_88.jpg
SHARK,img_89.jpg
SHARK,img_9.jpg
SHARK,img_90.jpg
SHARK,img_91.jpg
SHARK,img_92.jpg
SHARK,img_93.jpg
SHARK,img_94.jpg
SHARK,img_95.jpg
SHARK,img_96.jpg
SHARK,img_97.jpg
SHARK,img_98.jpg
SHARK,img_99.jpg
YFT,img_1.jpg
YFT,img_10.jpg
YFT,img_100.jpg
YFT,img_101.jpg
YFT,img_102.jpg
YFT,img_103.jpg
YFT,img_104.jpg
YFT,img_105.jpg
YFT,img_106.jpg
YFT,img_107.jpg
YFT,img_108.jpg
YFT,img_109.jpg
YFT,img_11.jpg
YFT,img_110.jpg
YFT,img_111.jpg
YFT,img_112.jpg
YFT,img_113.jpg
YFT,img_114.jpg
YFT,img_115.jpg
YFT,img_116.jpg
YFT,img_117.jpg
YFT,img_118.jpg
YFT,img_119.jpg
YFT,img_12.jpg
YFT,img_120.jpg
YFT,img_121.jpg
YFT,img_122.jpg
YFT,img_123.jpg
YFT,img_124.jpg
YFT,img_125.jpg
YFT,img_126.jpg
YFT,img_127.jpg
YFT,img_128.jpg
YFT,img_129.jpg
YFT,img_13.jpg
YFT,img_130.jpg
YFT,img_131.jpg
YFT,img_132.jpg
YFT,img_133.jpg
YFT,img_134.jpg
YFT,img_135.jpg
YFT,img_136.jpg
YFT,img_137.jpg
YFT,img_138.jpg
YFT,img_139.jpg
YFT,img_14.jpg
YFT,img_140.jpg
YFT,img_141.jpg
YFT,img_142.jpg
YFT,img_143.jpg
YFT,img_144.jpg
YFT,img_145.jpg
YFT,img_146.jpg
YFT,img_147.jpg
YFT,img_148.jpg
YFT,img_149.jpg
YFT,img_15.jpg
YFT,img_150.jpg
YFT,img_151.jpg
YFT,img_152.jpg
YFT,img_153.jpg
YFT,img_154.jpg
YFT,img_155.jpg
YFT,img_156.jpg
YFT,img_157.jpg
YFT,img_158.jpg
YFT,img_159.jpg
YFT,img_16.jpg
YFT,img_160.jpg
YFT,img_161.jpg
YFT,img_162.jpg
YFT,img_163.jpg
YFT,img_164.jpg
YFT,img_165.jpg
YFT,img_166.jpg
YFT,img_167.jpg
YFT,img_168.jpg
YFT,img_169.jpg
YFT,img_17.jpg
YFT,img_170.jpg
YFT,img_171.jpg
YFT,img_172.jpg
YFT,img_173.jpg
YFT,img_174.jpg
YFT,img_175.jpg
YFT,img_176.jpg
YFT,img_177.jpg
YFT,img_178.jpg
YFT,img_179.jpg
YFT,img_18.jpg
YFT,img_180.jpg
YFT,img_181.jpg
YFT,img_182.jpg
YFT,img_183.jpg
YFT,img_184.jpg
YFT,img_185.jpg
YFT,img_186.jpg
YFT,img_187.jpg
YFT,img_188.jpg
YFT,img_189.jpg
YFT,img_19.jpg
YFT,img_190.jpg
YFT,img_191.jpg
YFT,img_192.jpg
YFT,img_193.jpg
YFT,img_194.jpg
YFT,img_195.jpg
YFT,img_196.jpg
YFT,img_197.jpg
YFT,img_198.jpg
YFT,img_199.jpg
YFT,img_2.jpg
YFT,img_20.jpg
YFT,img_200.jpg
YFT,img_201.jpg
YFT,img_202.jpg
YFT,img_203.jpg
YFT,img_204.jpg
YFT,img_205.jpg
YFT,img_206.jpg
YFT,img_207.jpg
YFT,img_208.jpg
YFT,img_209.jpg
YFT,img_21.jpg
YFT,img_210.jpg
YFT,img_211.jpg
YFT,img_212.jpg
YFT,img_213.jpg
YFT,img_214.jpg
YFT,img_215.jpg
YFT,img_216.jpg
YFT,img_217.jpg
YFT,img_218.jpg
YFT,img_219.jpg
YFT,img_22.jpg
YFT,img_220.jpg
YFT,img_221.jpg
YFT,img_222.jpg
YFT,img_223.jpg
YFT,img_224.jpg
YFT,img_225.jpg
YFT,img_226.jpg
YFT,img_227.jpg
YFT,img_228.jpg
YFT,img_229.jpg
YFT,img_23.jpg
YFT,img_230.jpg
YFT,img_231.jpg
YFT,img_232.jpg
YFT,img_233.jpg
YFT,img_234.jpg
YFT,img_235.jpg
YFT,img_236.jpg
YFT,img_237.jpg
YFT,img_238.jpg
YFT,img_239.jpg
YFT,img_24.jpg
YFT,img_240.jpg
YFT,img_241.jpg
YFT,img_242.jpg
YFT,img_243.jpg
YFT,img_244.jpg
YFT,img_245.jpg
YFT,img_246.jpg
YFT,img_247.jpg
YFT,img_248.jpg
YFT,img_249.jpg
YFT,img_25.jpg
YFT,img_250.jpg
YFT,img_251.jpg
YFT,img_252.jpg
YFT,img_253.jpg
YFT,img_254.jpg
YFT,img_255.jpg
YFT,img_256.jpg
YFT,img_257.jpg
YFT,img_258.jpg
YFT,img_259.jpg
YFT,img_26.jpg
YFT,img_260.jpg
YFT,img_261.jpg
YFT,img_262.jpg
YFT,img_263.jpg
YFT,img_264.jpg
YFT,img_265.jpg
YFT,img_266.jpg
YFT,img_267.jpg
YFT,img_268.jpg
YFT,img_269.jpg
YFT,img_27.jpg
YFT,img_270.jpg
YFT,img_271.jpg
YFT,img_272.jpg
YFT,img_273.jpg
YFT,img_274.jpg
YFT,img_275.jpg
YFT,img_276.jpg
YFT,img_277.jpg
YFT,img_278.jpg
YFT,img_279.jpg
YFT,img_28.jpg
YFT,img_280.jpg
YFT,img_281.jpg
YFT,img_282.jpg
YFT,img_283.jpg
YFT,img_284.jpg
YFT,img_285.jpg
YFT,img_286.jpg
YFT,img_287.jpg
YFT,img_288.jpg
YFT,img_289.jpg
YFT,img_29.jpg
YFT,img_290.jpg
YFT,img_291.jpg
YFT,img_292.jpg
YFT,img_293.jpg
YFT,img_294.jpg
YFT,img_295.jpg
YFT,img_296.jpg
YFT,img_297.jpg
YFT,img_298.jpg
YFT,img_299.jpg
YFT,img_3.jpg
YFT,img_30.jpg
YFT,img_300.jpg
YFT,img_301.jpg
YFT,img_302.jpg
YFT,img_303.jpg
YFT,img_304.jpg
YFT,img_305.jpg
YFT,img_306.jpg
YFT,img_307.jpg
YFT,img_308.jpg
YFT,img_309.jpg
YFT,img_31.jpg
YFT,img_310.jpg
YFT,img_311.jpg
YFT,img_312.jpg
YFT,img_313.jpg
YFT,img_314.jpg
YFT,img_315.jpg
YFT,img_316.jpg
YFT,img_317.jpg
YFT,img_318.jpg
YFT,img_319.jpg
YFT,img_32.jpg
YFT,img_320.jpg
YFT,img_321.jpg
YFT,img_322.jpg
YFT,img_323.jpg
YFT,img_324.jpg
YFT,img_325.jpg
YFT,img_326.jpg
YFT,img_327.jpg
YFT,img_328.jpg
YFT,img_329.jpg
YFT,img_33.jpg
YFT,img_330.jpg
YFT,img_331.jpg
YFT,img_332.jpg
YFT,img_333.jpg
YFT,img_334.jpg
YFT,img_335.jpg
YFT,img_336.jpg
YFT,img_337.jpg
YFT,img_338.jpg
YFT,img_339.jpg
YFT,img_34.jpg
YFT,img_340.jpg
YFT,img_341.jpg
YFT,img_342.jpg
YFT,img_343.jpg
YFT,img_344.jpg
YFT,img_345.jpg
YFT,img_346.jpg
YFT,img_347.jpg
YFT,img_348.jpg
YFT,img_349.jpg
YFT,img_35.jpg
YFT,img_350.jpg
YFT,img_351.jpg
YFT,img_352.jpg
YFT,img_353.jpg
YFT,img_354.jpg
YFT,img_355.jpg
YFT,img_356.jpg
YFT,img_357.jpg
YFT,img_358.jpg
YFT,img_359.jpg
YFT,img_36.jpg
YFT,img_360.jpg
YFT,img_361.jpg
YFT,img_362.jpg
YFT,img_363.jpg
YFT,img_364.jpg
YFT,img_365.jpg
YFT,img_366.jpg
YFT,img_367.jpg
YFT,img_368.jpg
YFT,img_369.jpg
YFT,img_37.jpg
YFT,img_370.jpg
YFT,img_371.jpg
YFT,img_372.jpg
YFT,img_373.jpg
YFT,img_374.jpg
YFT,img_375.jpg
YFT,img_376.jpg
YFT,img_377.jpg
YFT,img_378.jpg
YFT,img_379.jpg
YFT,img_38.jpg
YFT,img_380.jpg
YFT,img_381.jpg
YFT,img_382.jpg
YFT,img_383.jpg
YFT,img_384.jpg
YFT,img_385.jpg
YFT,img_386.jpg
YFT,img_387.jpg
YFT,img_388.jpg
YFT,img_389.jpg
YFT,img_39.jpg
YFT,img_390.jpg
YFT,img_391.jpg
YFT,img_392.jpg
YFT,img_393.jpg
YFT,img_394.jpg
YFT,img_395.jpg
YFT,img_396.jpg
YFT,img_397.jpg
YFT,img_398.jpg
YFT,img_399.jpg
YFT,img_4.jpg
YFT,img_40.jpg
YFT,img_400.jpg
YFT,img_401.jpg
YFT,img_402.jpg
YFT,img_403.jpg
YFT,img_404.jpg
YFT,img_405.jpg
YFT,img_406.jpg
YFT,img_407.jpg
YFT,img_408.jpg
YFT,img_409.jpg
YFT,img_41.jpg
YFT,img_410.jpg
YFT,img_411.jpg
YFT,img_412.jpg
YFT,img_413.jpg
YFT,img_414.jpg
YFT,img_415.jpg
YFT,img_416.jpg
YFT,img_417.jpg
YFT,img_418.jpg
YFT,img_419.jpg
YFT,img_42.jpg
YFT,img_420.jpg
YFT,img_421.jpg
YFT,img_422.jpg
YFT,img_423.jpg
YFT,img_424.jpg
YFT,img_425.jpg
YFT,img_426.jpg
YFT,img_427.jpg
YFT,img_428.jpg
YFT,img_429.jpg
YFT,img_43.jpg
YFT,img_430.jpg
YFT,img_431.jpg
YFT,img_432.jpg
YFT,img_433.jpg
YFT,img_434.jpg
YFT,img_435.jpg
YFT,img_436.jpg
YFT,img_437.jpg
YFT,img_438.jpg
YFT,img_439.jpg
YFT,img_44.jpg
YFT,img_440.jpg
YFT,img_441.jpg
YFT,img_442.jpg
YFT,img_443.jpg
YFT,img_444.jpg
YFT,img_445.jpg
YFT,img_446.jpg
YFT,img_447.jpg
YFT,img_448.jpg
YFT,img_449.jpg
YFT,img_45.jpg
YFT,img_450.jpg
YFT,img_451.jpg
YFT,img_452.jpg
YFT,img_453.jpg
YFT,img_454.jpg
YFT,img_455.jpg
YFT,img_456.jpg
YFT,img_457.jpg
YFT,img_458.jpg
YFT,img_459.jpg
YFT,img_46.jpg
YFT,img_460.jpg
YFT,img_461.jpg
YFT,img_462.jpg
YFT,img_463.jpg
YFT,img_464.jpg
YFT,img_465.jpg
YFT,img_466.jpg
YFT,img_467.jpg
YFT,img_468.jpg
YFT,img_469.jpg
YFT,img_47.jpg
YFT,img_470.jpg
YFT,img_471.jpg
YFT,img_472.jpg
YFT,img_473.jpg
YFT,img_474.jpg
YFT,img_475.jpg
YFT,img_476.jpg
YFT,img_477.jpg
YFT,img_478.jpg
YFT,img_479.jpg
YFT,img_48.jpg
YFT,img_480.jpg
YFT,img_481.jpg
YFT,img_482.jpg
YFT,img_483.jpg
YFT,img_484.jpg
YFT,img_485.jpg
YFT,img_486.jpg
YFT,img_487.jpg
YFT,img_488.jpg
YFT,img_489.jpg
YFT,img_49.jpg
YFT,img_490.jpg
YFT,img_491.jpg
YFT,img_492.jpg
YFT,img_493.jpg
YFT,img_494.jpg
YFT,img_495.jpg
YFT,img_496.jpg
YFT,img_497.jpg
YFT,img_498.jpg
YFT,img_499.jpg
YFT,img_5.jpg
YFT,img_50.jpg
YFT,img_500.jpg
YFT,img_501.jpg
YFT,img_502.jpg
YFT,img_503.jpg
YFT,img_504.jpg
YFT,img_505.jpg
YFT,img_506.jpg
YFT,img_507.jpg
YFT,img_508.jpg
YFT,img_509.jpg
YFT,img_51.jpg
YFT,img_510.jpg
YFT,img_511.jpg
YFT,img_512.jpg
YFT,img_513.jpg
YFT,img_514.jpg
YFT,img_515.jpg
YFT,img_516.jpg
YFT,img_517.jpg
YFT,img_518.jpg
YFT,img_519.jpg
YFT,img_52.jpg
YFT,img_520.jpg
YFT,img_521.jpg
YFT,img_522.jpg
YFT,img_523.jpg
YFT,img_524.jpg
YFT,img_525.jpg
YFT,img_526.jpg
YFT,img_527.jpg
YFT,img_528.jpg
YFT,img_529.jpg
YFT,img_53.jpg
YFT,img_530.jpg
YFT,img_531.jpg
YFT,img_532.jpg
YFT,img_533.jpg
YFT,img_534.jpg
YFT,img_535.jpg
YFT,img_536.jpg
YFT,img_537.jpg
YFT,img_538.jpg
YFT,img_539.jpg
YFT,img_54.jpg
YFT,img_540.jpg
YFT,img_541.jpg
YFT,img_542.jpg
YFT,img_543.jpg
YFT,img_544.jpg
YFT,img_545.jpg
YFT,img_546.jpg
YFT,img_547.jpg
YFT,img_548.jpg
YFT,img_549.jpg
YFT,img_55.jpg
YFT,img_550.jpg
YFT,img_551.jpg
YFT,img_552.jpg
YFT,img_553.jpg
YFT,img_554.jpg
YFT,img_555.jpg
YFT,img_556.jpg
YFT,img_557.jpg
YFT,img_558.jpg
YFT,img_559.jpg
YFT,img_56.jpg
YFT,img_560.jpg
YFT,img_561.jpg
YFT,img_562.jpg
YFT,img_563.jpg
YFT,img_564.jpg
YFT,img_565.jpg
YFT,img_566.jpg
YFT,img_567.jpg
YFT,img_568.jpg
YFT,img_569.jpg
YFT,img_57.jpg
YFT,img_570.jpg
YFT,img_571.jpg
YFT,img_572.jpg
YFT,img_573.jpg
YFT,img_574.jpg
YFT,img_575.jpg
YFT,img_576.jpg
YFT,img_577.jpg
YFT,img_578.jpg
YFT,img_579.jpg
YFT,img_58.jpg
YFT,img_580.jpg
YFT,img_581.jpg
YFT,img_582.jpg
YFT,img_583.jpg
YFT,img_584.jpg
YFT,img_585.jpg
YFT,img_586.jpg
YFT,img_587.jpg
YFT,img_588.jpg
YFT,img_589.jpg
YFT,img_59.jpg
YFT,img_590.jpg
YFT,img_591.jpg
YFT,img_592.jpg
YFT,img_593.jpg
YFT,img_594.jpg
YFT,img_595.jpg
YFT,img_596.jpg
YFT,img_597.jpg
YFT,img_598.jpg
YFT,img_599.jpg
YFT,img_6.jpg
YFT,img_60.jpg
YFT,img_600.jpg
YFT,img_601.jpg
YFT,img_602.jpg
YFT,img_603.jpg
YFT,img_604.jpg
YFT,img_605.jpg
YFT,img_606.jpg
YFT,img_607.jpg
YFT,img_608.jpg
YFT,img_609.jpg
YFT,img_61.jpg
YFT,img_610.jpg
YFT,img_611.jpg
YFT,img_612.jpg
YFT,img_613.jpg
YFT,img_614.jpg
YFT,img_615.jpg
YFT,img_616.jpg
YFT,img_617.jpg
YFT,img_618.jpg
YFT,img_619.jpg
YFT,img_62.jpg
YFT,img_620.jpg
YFT,img_621.jpg
YFT,img_622.jpg
YFT,img_623.jpg
YFT,img_624.jpg
YFT,img_625.jpg
YFT,img_626.jpg
YFT,img_627.jpg
YFT,img_628.jpg
YFT,img_629.jpg
YFT,img_63.jpg
YFT,img_630.jpg
YFT,img_631.jpg
YFT,img_632.jpg
YFT,img_633.jpg
YFT,img_634.jpg
YFT,img_635.jpg
YFT,img_636.jpg
YFT,img_637.jpg
YFT,img_638.jpg
YFT,img_639.jpg
YFT,img_64.jpg
YFT,img_640.jpg
YFT,img_641.jpg
YFT,img_642.jpg
YFT,img_643.jpg
YFT,img_644.jpg
YFT,img_645.jpg
YFT,img_646.jpg
YFT,img_647.jpg
YFT,img_648.jpg
YFT,img_649.jpg
YFT,img_65.jpg
YFT,img_650.jpg
YFT,img_651.jpg
YFT,img_652.jpg
YFT,img_653.jpg
YFT,img_654.jpg
YFT,img_655.jpg
YFT,img_656.jpg
YFT,img_657.jpg
YFT,img_658.jpg
YFT,img_659.jpg
YFT,img_66.jpg
YFT,img_660.jpg
YFT,img_661.jpg
YFT,img_662.jpg
YFT,img_663.jpg
YFT,img_664.jpg
YFT,img_665.jpg
YFT,img_666.jpg
YFT,img_667.jpg
YFT,img_668.jpg
YFT,img_669.jpg
YFT,img_67.jpg
YFT,img_670.jpg
YFT,img_671.jpg
YFT,img_672.jpg
YFT,img_673.jpg
YFT,img_674.jpg
YFT,img_675.jpg
YFT,img_676.jpg
YFT,img_677.jpg
YFT,img_678.jpg
YFT,img_679.jpg
YFT,img_68.jpg
YFT,img_680.jpg
YFT,img_681.jpg
YFT,img_682.jpg
YFT,img_683.jpg
YFT,img_684.jpg
YFT,img_685.jpg
YFT,img_686.jpg
YFT,img_687.jpg
YFT,img_688.jpg
YFT,img_689.jpg
YFT,img_69.jpg
YFT,img_690.jpg
YFT,img_691.jpg
YFT,img_692.jpg
YFT,img_693.jpg
YFT,img_694.jpg
YFT,img_695.jpg
YFT,img_696.jpg
YFT,img_697.jpg
YFT,img_698.jpg
YFT,img_699.jpg
YFT,img_7.jpg
YFT,img_70.jpg
YFT,img_700.jpg
YFT,img_701.jpg
YFT,img_702.jpg
YFT,img_703.jpg
YFT,img_704.jpg
YFT,img_705.jpg
YFT,img_706.jpg
YFT,img_707.jpg
YFT,img_708.jpg
YFT,img_709.jpg
YFT,img_71.jpg
YFT,img_710.jpg
YFT,img_711.jpg
YFT,img_712.jpg
YFT,img_713.jpg
YFT,img_714.jpg
YFT,img_715.jpg
YFT,img_716.jpg
YFT,img_717.jpg
YFT,img_718.jpg
YFT,img_719.jpg
YFT,img_72.jpg
YFT,img_720.jpg
YFT,img_721.jpg
YFT,img_722.jpg
YFT,img_723.jpg
YFT,img_724.jpg
YFT,img_725.jpg
YFT,img_726.jpg
YFT,img_727.jpg
YFT,img_728.jpg
YFT,img_729.jpg
YFT,img_73.jpg
YFT,img_730.jpg
YFT,img_731.jpg
YFT,img_732.jpg
YFT,img_733.jpg
YFT,img_734.jpg
YFT,img_735.jpg
YFT,img_736.jpg
YFT,img_737.jpg
YFT,img_738.jpg
YFT,img_739.jpg
YFT,img_74.jpg
YFT,img_740.jpg
YFT,img_741.jpg
YFT,img_742.jpg
YFT,img_743.jpg
YFT,img_744.jpg
YFT,img_745.jpg
YFT,img_746.jpg
YFT,img_747.jpg
YFT,img_748.jpg
YFT,img_749.jpg
YFT,img_75.jpg
YFT,img_750.jpg
YFT,img_751.jpg
YFT,img_752.jpg
YFT,img_753.jpg
YFT,img_754.jpg
YFT,img_755.jpg
YFT,img_756.jpg
YFT,img_757.jpg
YFT,img_758.jpg
YFT,img_759.jpg
YFT,img_76.jpg
YFT,img_760.jpg
YFT,img_761.jpg
YFT,img_762.jpg
YFT,img_763.jpg
YFT,img_764.jpg
YFT,img_765.jpg
YFT,img_766.jpg
YFT,img_767.jpg
YFT,img_768.jpg
YFT,img_769.jpg
YFT,img_77.jpg
YFT,img_770.jpg
YFT,img_771.jpg
YFT,img_772.jpg
YFT,img_773.jpg
YFT,img_774.jpg
YFT,img_775.jpg
YFT,img_776.jpg
YFT,img_777.jpg
YFT,img_778.jpg
YFT,img_779.jpg
YFT,img_78.jpg
YFT,img_780.jpg
YFT,img_781.jpg
YFT,img_782.jpg
YFT,img_783.jpg
YFT,img_784.jpg
YFT,img_785.jpg
YFT,img_786.jpg
YFT,img_787.jpg
YFT,img_788.jpg
YFT,img_789.jpg
YFT,img_79.jpg
YFT,img_790.jpg
YFT,img_791.jpg
YFT,img_792.jpg
YFT,img_793.jpg
YFT,img_794.jpg
YFT,img_795.jpg
YFT,img_796.jpg
YFT,img_797.jpg
YFT,img_798.jpg
YFT,img_799.jpg
YFT,img_8.jpg
YFT,img_80.jpg
YFT,img_81.jpg
YFT,img_82.jpg
YFT,img_83.jpg
YFT,img_84.jpg
YFT,img_85.jpg
YFT,img_86.jpg
YFT,img_87.jpg
YFT,img_88.jpg
YFT,img_89.jpg
YFT,img_9.jpg
YFT,img_90.jpg
YFT,img_91.jpg
YFT,img_92.jpg
YFT,img_93.jpg
YFT,img_94.jpg
YFT,img_95.jpg
YFT,img_96.jpg
YFT,img_97.jpg
YFT,img_98.jpg
YFT,img_99.jpg
